EPC,Bib #
000000015000,15000
000000014999,14999
000000014998,14998
000000014997,14997
000000014996,14996
000000014995,14995
000000014994,14994
000000014993,14993
000000014992,14992
000000014991,14991
000000014990,14990
000000014989,14989
000000014988,14988
000000014987,14987
000000014986,14986
000000014985,14985
000000014984,14984
000000014983,14983
000000014982,14982
000000014981,14981
000000014980,14980
000000014979,14979
000000014978,14978
000000014977,14977
000000014976,14976
000000014975,14975
000000014974,14974
000000014973,14973
000000014972,14972
000000014971,14971
000000014970,14970
000000014969,14969
000000014968,14968
000000014967,14967
000000014966,14966
000000014965,14965
000000014964,14964
000000014963,14963
000000014962,14962
000000014961,14961
000000014960,14960
000000014959,14959
000000014958,14958
000000014957,14957
000000014956,14956
000000014955,14955
000000014954,14954
000000014953,14953
000000014952,14952
000000014951,14951
000000014950,14950
000000014949,14949
000000014948,14948
000000014947,14947
000000014946,14946
000000014945,14945
000000014944,14944
000000014943,14943
000000014942,14942
000000014941,14941
000000014940,14940
000000014939,14939
000000014938,14938
000000014937,14937
000000014936,14936
000000014935,14935
000000014934,14934
000000014933,14933
000000014932,14932
000000014931,14931
000000014930,14930
000000014929,14929
000000014928,14928
000000014927,14927
000000014926,14926
000000014925,14925
000000014924,14924
000000014923,14923
000000014922,14922
000000014921,14921
000000014920,14920
000000014919,14919
000000014918,14918
000000014917,14917
000000014916,14916
000000014915,14915
000000014914,14914
000000014913,14913
000000014912,14912
000000014911,14911
000000014910,14910
000000014909,14909
000000014908,14908
000000014907,14907
000000014906,14906
000000014905,14905
000000014904,14904
000000014903,14903
000000014902,14902
000000014901,14901
000000014900,14900
000000014899,14899
000000014898,14898
000000014897,14897
000000014896,14896
000000014895,14895
000000014894,14894
000000014893,14893
000000014892,14892
000000014891,14891
000000014890,14890
000000014889,14889
000000014888,14888
000000014887,14887
000000014886,14886
000000014885,14885
000000014884,14884
000000014883,14883
000000014882,14882
000000014881,14881
000000014880,14880
000000014879,14879
000000014878,14878
000000014877,14877
000000014876,14876
000000014875,14875
000000014874,14874
000000014873,14873
000000014872,14872
000000014871,14871
000000014870,14870
000000014869,14869
000000014868,14868
000000014867,14867
000000014866,14866
000000014865,14865
000000014864,14864
000000014863,14863
000000014862,14862
000000014861,14861
000000014860,14860
000000014859,14859
000000014858,14858
000000014857,14857
000000014856,14856
000000014855,14855
000000014854,14854
000000014853,14853
000000014852,14852
000000014851,14851
000000014850,14850
000000014849,14849
000000014848,14848
000000014847,14847
000000014846,14846
000000014845,14845
000000014844,14844
000000014843,14843
000000014842,14842
000000014841,14841
000000014840,14840
000000014839,14839
000000014838,14838
000000014837,14837
000000014836,14836
000000014835,14835
000000014834,14834
000000014833,14833
000000014832,14832
000000014831,14831
000000014830,14830
000000014829,14829
000000014828,14828
000000014827,14827
000000014826,14826
000000014825,14825
000000014824,14824
000000014823,14823
000000014822,14822
000000014821,14821
000000014820,14820
000000014819,14819
000000014818,14818
000000014817,14817
000000014816,14816
000000014815,14815
000000014814,14814
000000014813,14813
000000014812,14812
000000014811,14811
000000014810,14810
000000014809,14809
000000014808,14808
000000014807,14807
000000014806,14806
000000014805,14805
000000014804,14804
000000014803,14803
000000014802,14802
000000014801,14801
000000014800,14800
000000014799,14799
000000014798,14798
000000014797,14797
000000014796,14796
000000014795,14795
000000014794,14794
000000014793,14793
000000014792,14792
000000014791,14791
000000014790,14790
000000014789,14789
000000014788,14788
000000014787,14787
000000014786,14786
000000014785,14785
000000014784,14784
000000014783,14783
000000014782,14782
000000014781,14781
000000014780,14780
000000014779,14779
000000014778,14778
000000014777,14777
000000014776,14776
000000014775,14775
000000014774,14774
000000014773,14773
000000014772,14772
000000014771,14771
000000014770,14770
000000014769,14769
000000014768,14768
000000014767,14767
000000014766,14766
000000014765,14765
000000014764,14764
000000014763,14763
000000014762,14762
000000014761,14761
000000014760,14760
000000014759,14759
000000014758,14758
000000014757,14757
000000014756,14756
000000014755,14755
000000014754,14754
000000014753,14753
000000014752,14752
000000014751,14751
000000014750,14750
000000014749,14749
000000014748,14748
000000014747,14747
000000014746,14746
000000014745,14745
000000014744,14744
000000014743,14743
000000014742,14742
000000014741,14741
000000014740,14740
000000014739,14739
000000014738,14738
000000014737,14737
000000014736,14736
000000014735,14735
000000014734,14734
000000014733,14733
000000014732,14732
000000014731,14731
000000014730,14730
000000014729,14729
000000014728,14728
000000014727,14727
000000014726,14726
000000014725,14725
000000014724,14724
000000014723,14723
000000014722,14722
000000014721,14721
000000014720,14720
000000014719,14719
000000014718,14718
000000014717,14717
000000014716,14716
000000014715,14715
000000014714,14714
000000014713,14713
000000014712,14712
000000014711,14711
000000014710,14710
000000014709,14709
000000014708,14708
000000014707,14707
000000014706,14706
000000014705,14705
000000014704,14704
000000014703,14703
000000014702,14702
000000014701,14701
000000014700,14700
000000014699,14699
000000014698,14698
000000014697,14697
000000014696,14696
000000014695,14695
000000014694,14694
000000014693,14693
000000014692,14692
000000014691,14691
000000014690,14690
000000014689,14689
000000014688,14688
000000014687,14687
000000014686,14686
000000014685,14685
000000014684,14684
000000014683,14683
000000014682,14682
000000014681,14681
000000014680,14680
000000014679,14679
000000014678,14678
000000014677,14677
000000014676,14676
000000014675,14675
000000014674,14674
000000014673,14673
000000014672,14672
000000014671,14671
000000014670,14670
000000014669,14669
000000014668,14668
000000014667,14667
000000014666,14666
000000014665,14665
000000014664,14664
000000014663,14663
000000014662,14662
000000014661,14661
000000014660,14660
000000014659,14659
000000014658,14658
000000014657,14657
000000014656,14656
000000014655,14655
000000014654,14654
000000014653,14653
000000014652,14652
000000014651,14651
000000014650,14650
000000014649,14649
000000014648,14648
000000014647,14647
000000014646,14646
000000014645,14645
000000014644,14644
000000014643,14643
000000014642,14642
000000014641,14641
000000014640,14640
000000014639,14639
000000014638,14638
000000014637,14637
000000014636,14636
000000014635,14635
000000014634,14634
000000014633,14633
000000014632,14632
000000014631,14631
000000014630,14630
000000014629,14629
000000014628,14628
000000014627,14627
000000014626,14626
000000014625,14625
000000014624,14624
000000014623,14623
000000014622,14622
000000014621,14621
000000014620,14620
000000014619,14619
000000014618,14618
000000014617,14617
000000014616,14616
000000014615,14615
000000014614,14614
000000014613,14613
000000014612,14612
000000014611,14611
000000014610,14610
000000014609,14609
000000014608,14608
000000014607,14607
000000014606,14606
000000014605,14605
000000014604,14604
000000014603,14603
000000014602,14602
000000014601,14601
000000014600,14600
000000014599,14599
000000014598,14598
000000014597,14597
000000014596,14596
000000014595,14595
000000014594,14594
000000014593,14593
000000014592,14592
000000014591,14591
000000014590,14590
000000014589,14589
000000014588,14588
000000014587,14587
000000014586,14586
000000014585,14585
000000014584,14584
000000014583,14583
000000014582,14582
000000014581,14581
000000014580,14580
000000014579,14579
000000014578,14578
000000014577,14577
000000014576,14576
000000014575,14575
000000014574,14574
000000014573,14573
000000014572,14572
000000014571,14571
000000014570,14570
000000014569,14569
000000014568,14568
000000014567,14567
000000014566,14566
000000014565,14565
000000014564,14564
000000014563,14563
000000014562,14562
000000014561,14561
000000014560,14560
000000014559,14559
000000014558,14558
000000014557,14557
000000014556,14556
000000014555,14555
000000014554,14554
000000014553,14553
000000014552,14552
000000014551,14551
000000014550,14550
000000014549,14549
000000014548,14548
000000014547,14547
000000014546,14546
000000014545,14545
000000014544,14544
000000014543,14543
000000014542,14542
000000014541,14541
000000014540,14540
000000014539,14539
000000014538,14538
000000014537,14537
000000014536,14536
000000014535,14535
000000014534,14534
000000014533,14533
000000014532,14532
000000014531,14531
000000014530,14530
000000014529,14529
000000014528,14528
000000014527,14527
000000014526,14526
000000014525,14525
000000014524,14524
000000014523,14523
000000014522,14522
000000014521,14521
000000014520,14520
000000014519,14519
000000014518,14518
000000014517,14517
000000014516,14516
000000014515,14515
000000014514,14514
000000014513,14513
000000014512,14512
000000014511,14511
000000014510,14510
000000014509,14509
000000014508,14508
000000014507,14507
000000014506,14506
000000014505,14505
000000014504,14504
000000014503,14503
000000014502,14502
000000014501,14501
000000014500,14500
000000014499,14499
000000014498,14498
000000014497,14497
000000014496,14496
000000014495,14495
000000014494,14494
000000014493,14493
000000014492,14492
000000014491,14491
000000014490,14490
000000014489,14489
000000014488,14488
000000014487,14487
000000014486,14486
000000014485,14485
000000014484,14484
000000014483,14483
000000014482,14482
000000014481,14481
000000014480,14480
000000014479,14479
000000014478,14478
000000014477,14477
000000014476,14476
000000014475,14475
000000014474,14474
000000014473,14473
000000014472,14472
000000014471,14471
000000014470,14470
000000014469,14469
000000014468,14468
000000014467,14467
000000014466,14466
000000014465,14465
000000014464,14464
000000014463,14463
000000014462,14462
000000014461,14461
000000014460,14460
000000014459,14459
000000014458,14458
000000014457,14457
000000014456,14456
000000014455,14455
000000014454,14454
000000014453,14453
000000014452,14452
000000014451,14451
000000014450,14450
000000014449,14449
000000014448,14448
000000014447,14447
000000014446,14446
000000014445,14445
000000014444,14444
000000014443,14443
000000014442,14442
000000014441,14441
000000014440,14440
000000014439,14439
000000014438,14438
000000014437,14437
000000014436,14436
000000014435,14435
000000014434,14434
000000014433,14433
000000014432,14432
000000014431,14431
000000014430,14430
000000014429,14429
000000014428,14428
000000014427,14427
000000014426,14426
000000014425,14425
000000014424,14424
000000014423,14423
000000014422,14422
000000014421,14421
000000014420,14420
000000014419,14419
000000014418,14418
000000014417,14417
000000014416,14416
000000014415,14415
000000014414,14414
000000014413,14413
000000014412,14412
000000014411,14411
000000014410,14410
000000014409,14409
000000014408,14408
000000014407,14407
000000014406,14406
000000014405,14405
000000014404,14404
000000014403,14403
000000014402,14402
000000014401,14401
000000014400,14400
000000014399,14399
000000014398,14398
000000014397,14397
000000014396,14396
000000014395,14395
000000014394,14394
000000014393,14393
000000014392,14392
000000014391,14391
000000014390,14390
000000014389,14389
000000014388,14388
000000014387,14387
000000014386,14386
000000014385,14385
000000014384,14384
000000014383,14383
000000014382,14382
000000014381,14381
000000014380,14380
000000014379,14379
000000014378,14378
000000014377,14377
000000014376,14376
000000014375,14375
000000014374,14374
000000014373,14373
000000014372,14372
000000014371,14371
000000014370,14370
000000014369,14369
000000014368,14368
000000014367,14367
000000014366,14366
000000014365,14365
000000014364,14364
000000014363,14363
000000014362,14362
000000014361,14361
000000014360,14360
000000014359,14359
000000014358,14358
000000014357,14357
000000014356,14356
000000014355,14355
000000014354,14354
000000014353,14353
000000014352,14352
000000014351,14351
000000014350,14350
000000014349,14349
000000014348,14348
000000014347,14347
000000014346,14346
000000014345,14345
000000014344,14344
000000014343,14343
000000014342,14342
000000014341,14341
000000014340,14340
000000014339,14339
000000014338,14338
000000014337,14337
000000014336,14336
000000014335,14335
000000014334,14334
000000014333,14333
000000014332,14332
000000014331,14331
000000014330,14330
000000014329,14329
000000014328,14328
000000014327,14327
000000014326,14326
000000014325,14325
000000014324,14324
000000014323,14323
000000014322,14322
000000014321,14321
000000014320,14320
000000014319,14319
000000014318,14318
000000014317,14317
000000014316,14316
000000014315,14315
000000014314,14314
000000014313,14313
000000014312,14312
000000014311,14311
000000014310,14310
000000014309,14309
000000014308,14308
000000014307,14307
000000014306,14306
000000014305,14305
000000014304,14304
000000014303,14303
000000014302,14302
000000014301,14301
000000014300,14300
000000014299,14299
000000014298,14298
000000014297,14297
000000014296,14296
000000014295,14295
000000014294,14294
000000014293,14293
000000014292,14292
000000014291,14291
000000014290,14290
000000014289,14289
000000014288,14288
000000014287,14287
000000014286,14286
000000014285,14285
000000014284,14284
000000014283,14283
000000014282,14282
000000014281,14281
000000014280,14280
000000014279,14279
000000014278,14278
000000014277,14277
000000014276,14276
000000014275,14275
000000014274,14274
000000014273,14273
000000014272,14272
000000014271,14271
000000014270,14270
000000014269,14269
000000014268,14268
000000014267,14267
000000014266,14266
000000014265,14265
000000014264,14264
000000014263,14263
000000014262,14262
000000014261,14261
000000014260,14260
000000014259,14259
000000014258,14258
000000014257,14257
000000014256,14256
000000014255,14255
000000014254,14254
000000014253,14253
000000014252,14252
000000014251,14251
000000014250,14250
000000014249,14249
000000014248,14248
000000014247,14247
000000014246,14246
000000014245,14245
000000014244,14244
000000014243,14243
000000014242,14242
000000014241,14241
000000014240,14240
000000014239,14239
000000014238,14238
000000014237,14237
000000014236,14236
000000014235,14235
000000014234,14234
000000014233,14233
000000014232,14232
000000014231,14231
000000014230,14230
000000014229,14229
000000014228,14228
000000014227,14227
000000014226,14226
000000014225,14225
000000014224,14224
000000014223,14223
000000014222,14222
000000014221,14221
000000014220,14220
000000014219,14219
000000014218,14218
000000014217,14217
000000014216,14216
000000014215,14215
000000014214,14214
000000014213,14213
000000014212,14212
000000014211,14211
000000014210,14210
000000014209,14209
000000014208,14208
000000014207,14207
000000014206,14206
000000014205,14205
000000014204,14204
000000014203,14203
000000014202,14202
000000014201,14201
000000014200,14200
000000014199,14199
000000014198,14198
000000014197,14197
000000014196,14196
000000014195,14195
000000014194,14194
000000014193,14193
000000014192,14192
000000014191,14191
000000014190,14190
000000014189,14189
000000014188,14188
000000014187,14187
000000014186,14186
000000014185,14185
000000014184,14184
000000014183,14183
000000014182,14182
000000014181,14181
000000014180,14180
000000014179,14179
000000014178,14178
000000014177,14177
000000014176,14176
000000014175,14175
000000014174,14174
000000014173,14173
000000014172,14172
000000014171,14171
000000014170,14170
000000014169,14169
000000014168,14168
000000014167,14167
000000014166,14166
000000014165,14165
000000014164,14164
000000014163,14163
000000014162,14162
000000014161,14161
000000014160,14160
000000014159,14159
000000014158,14158
000000014157,14157
000000014156,14156
000000014155,14155
000000014154,14154
000000014153,14153
000000014152,14152
000000014151,14151
000000014150,14150
000000014149,14149
000000014148,14148
000000014147,14147
000000014146,14146
000000014145,14145
000000014144,14144
000000014143,14143
000000014142,14142
000000014141,14141
000000014140,14140
000000014139,14139
000000014138,14138
000000014137,14137
000000014136,14136
000000014135,14135
000000014134,14134
000000014133,14133
000000014132,14132
000000014131,14131
000000014130,14130
000000014129,14129
000000014128,14128
000000014127,14127
000000014126,14126
000000014125,14125
000000014124,14124
000000014123,14123
000000014122,14122
000000014121,14121
000000014120,14120
000000014119,14119
000000014118,14118
000000014117,14117
000000014116,14116
000000014115,14115
000000014114,14114
000000014113,14113
000000014112,14112
000000014111,14111
000000014110,14110
000000014109,14109
000000014108,14108
000000014107,14107
000000014106,14106
000000014105,14105
000000014104,14104
000000014103,14103
000000014102,14102
000000014101,14101
000000014100,14100
000000014099,14099
000000014098,14098
000000014097,14097
000000014096,14096
000000014095,14095
000000014094,14094
000000014093,14093
000000014092,14092
000000014091,14091
000000014090,14090
000000014089,14089
000000014088,14088
000000014087,14087
000000014086,14086
000000014085,14085
000000014084,14084
000000014083,14083
000000014082,14082
000000014081,14081
000000014080,14080
000000014079,14079
000000014078,14078
000000014077,14077
000000014076,14076
000000014075,14075
000000014074,14074
000000014073,14073
000000014072,14072
000000014071,14071
000000014070,14070
000000014069,14069
000000014068,14068
000000014067,14067
000000014066,14066
000000014065,14065
000000014064,14064
000000014063,14063
000000014062,14062
000000014061,14061
000000014060,14060
000000014059,14059
000000014058,14058
000000014057,14057
000000014056,14056
000000014055,14055
000000014054,14054
000000014053,14053
000000014052,14052
000000014051,14051
000000014050,14050
000000014049,14049
000000014048,14048
000000014047,14047
000000014046,14046
000000014045,14045
000000014044,14044
000000014043,14043
000000014042,14042
000000014041,14041
000000014040,14040
000000014039,14039
000000014038,14038
000000014037,14037
000000014036,14036
000000014035,14035
000000014034,14034
000000014033,14033
000000014032,14032
000000014031,14031
000000014030,14030
000000014029,14029
000000014028,14028
000000014027,14027
000000014026,14026
000000014025,14025
000000014024,14024
000000014023,14023
000000014022,14022
000000014021,14021
000000014020,14020
000000014019,14019
000000014018,14018
000000014017,14017
000000014016,14016
000000014015,14015
000000014014,14014
000000014013,14013
000000014012,14012
000000014011,14011
000000014010,14010
000000014009,14009
000000014008,14008
000000014007,14007
000000014006,14006
000000014005,14005
000000014004,14004
000000014003,14003
000000014002,14002
000000014001,14001
000000014000,14000
000000013999,13999
000000013998,13998
000000013997,13997
000000013996,13996
000000013995,13995
000000013994,13994
000000013993,13993
000000013992,13992
000000013991,13991
000000013990,13990
000000013989,13989
000000013988,13988
000000013987,13987
000000013986,13986
000000013985,13985
000000013984,13984
000000013983,13983
000000013982,13982
000000013981,13981
000000013980,13980
000000013979,13979
000000013978,13978
000000013977,13977
000000013976,13976
000000013975,13975
000000013974,13974
000000013973,13973
000000013972,13972
000000013971,13971
000000013970,13970
000000013969,13969
000000013968,13968
000000013967,13967
000000013966,13966
000000013965,13965
000000013964,13964
000000013963,13963
000000013962,13962
000000013961,13961
000000013960,13960
000000013959,13959
000000013958,13958
000000013957,13957
000000013956,13956
000000013955,13955
000000013954,13954
000000013953,13953
000000013952,13952
000000013951,13951
000000013950,13950
000000013949,13949
000000013948,13948
000000013947,13947
000000013946,13946
000000013945,13945
000000013944,13944
000000013943,13943
000000013942,13942
000000013941,13941
000000013940,13940
000000013939,13939
000000013938,13938
000000013937,13937
000000013936,13936
000000013935,13935
000000013934,13934
000000013933,13933
000000013932,13932
000000013931,13931
000000013930,13930
000000013929,13929
000000013928,13928
000000013927,13927
000000013926,13926
000000013925,13925
000000013924,13924
000000013923,13923
000000013922,13922
000000013921,13921
000000013920,13920
000000013919,13919
000000013918,13918
000000013917,13917
000000013916,13916
000000013915,13915
000000013914,13914
000000013913,13913
000000013912,13912
000000013911,13911
000000013910,13910
000000013909,13909
000000013908,13908
000000013907,13907
000000013906,13906
000000013905,13905
000000013904,13904
000000013903,13903
000000013902,13902
000000013901,13901
000000013900,13900
000000013899,13899
000000013898,13898
000000013897,13897
000000013896,13896
000000013895,13895
000000013894,13894
000000013893,13893
000000013892,13892
000000013891,13891
000000013890,13890
000000013889,13889
000000013888,13888
000000013887,13887
000000013886,13886
000000013885,13885
000000013884,13884
000000013883,13883
000000013882,13882
000000013881,13881
000000013880,13880
000000013879,13879
000000013878,13878
000000013877,13877
000000013876,13876
000000013875,13875
000000013874,13874
000000013873,13873
000000013872,13872
000000013871,13871
000000013870,13870
000000013869,13869
000000013868,13868
000000013867,13867
000000013866,13866
000000013865,13865
000000013864,13864
000000013863,13863
000000013862,13862
000000013861,13861
000000013860,13860
000000013859,13859
000000013858,13858
000000013857,13857
000000013856,13856
000000013855,13855
000000013854,13854
000000013853,13853
000000013852,13852
000000013851,13851
000000013850,13850
000000013849,13849
000000013848,13848
000000013847,13847
000000013846,13846
000000013845,13845
000000013844,13844
000000013843,13843
000000013842,13842
000000013841,13841
000000013840,13840
000000013839,13839
000000013838,13838
000000013837,13837
000000013836,13836
000000013835,13835
000000013834,13834
000000013833,13833
000000013832,13832
000000013831,13831
000000013830,13830
000000013829,13829
000000013828,13828
000000013827,13827
000000013826,13826
000000013825,13825
000000013824,13824
000000013823,13823
000000013822,13822
000000013821,13821
000000013820,13820
000000013819,13819
000000013818,13818
000000013817,13817
000000013816,13816
000000013815,13815
000000013814,13814
000000013813,13813
000000013812,13812
000000013811,13811
000000013810,13810
000000013809,13809
000000013808,13808
000000013807,13807
000000013806,13806
000000013805,13805
000000013804,13804
000000013803,13803
000000013802,13802
000000013801,13801
000000013800,13800
000000013799,13799
000000013798,13798
000000013797,13797
000000013796,13796
000000013795,13795
000000013794,13794
000000013793,13793
000000013792,13792
000000013791,13791
000000013790,13790
000000013789,13789
000000013788,13788
000000013787,13787
000000013786,13786
000000013785,13785
000000013784,13784
000000013783,13783
000000013782,13782
000000013781,13781
000000013780,13780
000000013779,13779
000000013778,13778
000000013777,13777
000000013776,13776
000000013775,13775
000000013774,13774
000000013773,13773
000000013772,13772
000000013771,13771
000000013770,13770
000000013769,13769
000000013768,13768
000000013767,13767
000000013766,13766
000000013765,13765
000000013764,13764
000000013763,13763
000000013762,13762
000000013761,13761
000000013760,13760
000000013759,13759
000000013758,13758
000000013757,13757
000000013756,13756
000000013755,13755
000000013754,13754
000000013753,13753
000000013752,13752
000000013751,13751
000000013750,13750
000000013749,13749
000000013748,13748
000000013747,13747
000000013746,13746
000000013745,13745
000000013744,13744
000000013743,13743
000000013742,13742
000000013741,13741
000000013740,13740
000000013739,13739
000000013738,13738
000000013737,13737
000000013736,13736
000000013735,13735
000000013734,13734
000000013733,13733
000000013732,13732
000000013731,13731
000000013730,13730
000000013729,13729
000000013728,13728
000000013727,13727
000000013726,13726
000000013725,13725
000000013724,13724
000000013723,13723
000000013722,13722
000000013721,13721
000000013720,13720
000000013719,13719
000000013718,13718
000000013717,13717
000000013716,13716
000000013715,13715
000000013714,13714
000000013713,13713
000000013712,13712
000000013711,13711
000000013710,13710
000000013709,13709
000000013708,13708
000000013707,13707
000000013706,13706
000000013705,13705
000000013704,13704
000000013703,13703
000000013702,13702
000000013701,13701
000000013700,13700
000000013699,13699
000000013698,13698
000000013697,13697
000000013696,13696
000000013695,13695
000000013694,13694
000000013693,13693
000000013692,13692
000000013691,13691
000000013690,13690
000000013689,13689
000000013688,13688
000000013687,13687
000000013686,13686
000000013685,13685
000000013684,13684
000000013683,13683
000000013682,13682
000000013681,13681
000000013680,13680
000000013679,13679
000000013678,13678
000000013677,13677
000000013676,13676
000000013675,13675
000000013674,13674
000000013673,13673
000000013672,13672
000000013671,13671
000000013670,13670
000000013669,13669
000000013668,13668
000000013667,13667
000000013666,13666
000000013665,13665
000000013664,13664
000000013663,13663
000000013662,13662
000000013661,13661
000000013660,13660
000000013659,13659
000000013658,13658
000000013657,13657
000000013656,13656
000000013655,13655
000000013654,13654
000000013653,13653
000000013652,13652
000000013651,13651
000000013650,13650
000000013649,13649
000000013648,13648
000000013647,13647
000000013646,13646
000000013645,13645
000000013644,13644
000000013643,13643
000000013642,13642
000000013641,13641
000000013640,13640
000000013639,13639
000000013638,13638
000000013637,13637
000000013636,13636
000000013635,13635
000000013634,13634
000000013633,13633
000000013632,13632
000000013631,13631
000000013630,13630
000000013629,13629
000000013628,13628
000000013627,13627
000000013626,13626
000000013625,13625
000000013624,13624
000000013623,13623
000000013622,13622
000000013621,13621
000000013620,13620
000000013619,13619
000000013618,13618
000000013617,13617
000000013616,13616
000000013615,13615
000000013614,13614
000000013613,13613
000000013612,13612
000000013611,13611
000000013610,13610
000000013609,13609
000000013608,13608
000000013607,13607
000000013606,13606
000000013605,13605
000000013604,13604
000000013603,13603
000000013602,13602
000000013601,13601
000000013600,13600
000000013599,13599
000000013598,13598
000000013597,13597
000000013596,13596
000000013595,13595
000000013594,13594
000000013593,13593
000000013592,13592
000000013591,13591
000000013590,13590
000000013589,13589
000000013588,13588
000000013587,13587
000000013586,13586
000000013585,13585
000000013584,13584
000000013583,13583
000000013582,13582
000000013581,13581
000000013580,13580
000000013579,13579
000000013578,13578
000000013577,13577
000000013576,13576
000000013575,13575
000000013574,13574
000000013573,13573
000000013572,13572
000000013571,13571
000000013570,13570
000000013569,13569
000000013568,13568
000000013567,13567
000000013566,13566
000000013565,13565
000000013564,13564
000000013563,13563
000000013562,13562
000000013561,13561
000000013560,13560
000000013559,13559
000000013558,13558
000000013557,13557
000000013556,13556
000000013555,13555
000000013554,13554
000000013553,13553
000000013552,13552
000000013551,13551
000000013550,13550
000000013549,13549
000000013548,13548
000000013547,13547
000000013546,13546
000000013545,13545
000000013544,13544
000000013543,13543
000000013542,13542
000000013541,13541
000000013540,13540
000000013539,13539
000000013538,13538
000000013537,13537
000000013536,13536
000000013535,13535
000000013534,13534
000000013533,13533
000000013532,13532
000000013531,13531
000000013530,13530
000000013529,13529
000000013528,13528
000000013527,13527
000000013526,13526
000000013525,13525
000000013524,13524
000000013523,13523
000000013522,13522
000000013521,13521
000000013520,13520
000000013519,13519
000000013518,13518
000000013517,13517
000000013516,13516
000000013515,13515
000000013514,13514
000000013513,13513
000000013512,13512
000000013511,13511
000000013510,13510
000000013509,13509
000000013508,13508
000000013507,13507
000000013506,13506
000000013505,13505
000000013504,13504
000000013503,13503
000000013502,13502
000000013501,13501
000000013500,13500
000000013499,13499
000000013498,13498
000000013497,13497
000000013496,13496
000000013495,13495
000000013494,13494
000000013493,13493
000000013492,13492
000000013491,13491
000000013490,13490
000000013489,13489
000000013488,13488
000000013487,13487
000000013486,13486
000000013485,13485
000000013484,13484
000000013483,13483
000000013482,13482
000000013481,13481
000000013480,13480
000000013479,13479
000000013478,13478
000000013477,13477
000000013476,13476
000000013475,13475
000000013474,13474
000000013473,13473
000000013472,13472
000000013471,13471
000000013470,13470
000000013469,13469
000000013468,13468
000000013467,13467
000000013466,13466
000000013465,13465
000000013464,13464
000000013463,13463
000000013462,13462
000000013461,13461
000000013460,13460
000000013459,13459
000000013458,13458
000000013457,13457
000000013456,13456
000000013455,13455
000000013454,13454
000000013453,13453
000000013452,13452
000000013451,13451
000000013450,13450
000000013449,13449
000000013448,13448
000000013447,13447
000000013446,13446
000000013445,13445
000000013444,13444
000000013443,13443
000000013442,13442
000000013441,13441
000000013440,13440
000000013439,13439
000000013438,13438
000000013437,13437
000000013436,13436
000000013435,13435
000000013434,13434
000000013433,13433
000000013432,13432
000000013431,13431
000000013430,13430
000000013429,13429
000000013428,13428
000000013427,13427
000000013426,13426
000000013425,13425
000000013424,13424
000000013423,13423
000000013422,13422
000000013421,13421
000000013420,13420
000000013419,13419
000000013418,13418
000000013417,13417
000000013416,13416
000000013415,13415
000000013414,13414
000000013413,13413
000000013412,13412
000000013411,13411
000000013410,13410
000000013409,13409
000000013408,13408
000000013407,13407
000000013406,13406
000000013405,13405
000000013404,13404
000000013403,13403
000000013402,13402
000000013401,13401
000000013400,13400
000000013399,13399
000000013398,13398
000000013397,13397
000000013396,13396
000000013395,13395
000000013394,13394
000000013393,13393
000000013392,13392
000000013391,13391
000000013390,13390
000000013389,13389
000000013388,13388
000000013387,13387
000000013386,13386
000000013385,13385
000000013384,13384
000000013383,13383
000000013382,13382
000000013381,13381
000000013380,13380
000000013379,13379
000000013378,13378
000000013377,13377
000000013376,13376
000000013375,13375
000000013374,13374
000000013373,13373
000000013372,13372
000000013371,13371
000000013370,13370
000000013369,13369
000000013368,13368
000000013367,13367
000000013366,13366
000000013365,13365
000000013364,13364
000000013363,13363
000000013362,13362
000000013361,13361
000000013360,13360
000000013359,13359
000000013358,13358
000000013357,13357
000000013356,13356
000000013355,13355
000000013354,13354
000000013353,13353
000000013352,13352
000000013351,13351
000000013350,13350
000000013349,13349
000000013348,13348
000000013347,13347
000000013346,13346
000000013345,13345
000000013344,13344
000000013343,13343
000000013342,13342
000000013341,13341
000000013340,13340
000000013339,13339
000000013338,13338
000000013337,13337
000000013336,13336
000000013335,13335
000000013334,13334
000000013333,13333
000000013332,13332
000000013331,13331
000000013330,13330
000000013329,13329
000000013328,13328
000000013327,13327
000000013326,13326
000000013325,13325
000000013324,13324
000000013323,13323
000000013322,13322
000000013321,13321
000000013320,13320
000000013319,13319
000000013318,13318
000000013317,13317
000000013316,13316
000000013315,13315
000000013314,13314
000000013313,13313
000000013312,13312
000000013311,13311
000000013310,13310
000000013309,13309
000000013308,13308
000000013307,13307
000000013306,13306
000000013305,13305
000000013304,13304
000000013303,13303
000000013302,13302
000000013301,13301
000000013300,13300
000000013299,13299
000000013298,13298
000000013297,13297
000000013296,13296
000000013295,13295
000000013294,13294
000000013293,13293
000000013292,13292
000000013291,13291
000000013290,13290
000000013289,13289
000000013288,13288
000000013287,13287
000000013286,13286
000000013285,13285
000000013284,13284
000000013283,13283
000000013282,13282
000000013281,13281
000000013280,13280
000000013279,13279
000000013278,13278
000000013277,13277
000000013276,13276
000000013275,13275
000000013274,13274
000000013273,13273
000000013272,13272
000000013271,13271
000000013270,13270
000000013269,13269
000000013268,13268
000000013267,13267
000000013266,13266
000000013265,13265
000000013264,13264
000000013263,13263
000000013262,13262
000000013261,13261
000000013260,13260
000000013259,13259
000000013258,13258
000000013257,13257
000000013256,13256
000000013255,13255
000000013254,13254
000000013253,13253
000000013252,13252
000000013251,13251
000000013250,13250
000000013249,13249
000000013248,13248
000000013247,13247
000000013246,13246
000000013245,13245
000000013244,13244
000000013243,13243
000000013242,13242
000000013241,13241
000000013240,13240
000000013239,13239
000000013238,13238
000000013237,13237
000000013236,13236
000000013235,13235
000000013234,13234
000000013233,13233
000000013232,13232
000000013231,13231
000000013230,13230
000000013229,13229
000000013228,13228
000000013227,13227
000000013226,13226
000000013225,13225
000000013224,13224
000000013223,13223
000000013222,13222
000000013221,13221
000000013220,13220
000000013219,13219
000000013218,13218
000000013217,13217
000000013216,13216
000000013215,13215
000000013214,13214
000000013213,13213
000000013212,13212
000000013211,13211
000000013210,13210
000000013209,13209
000000013208,13208
000000013207,13207
000000013206,13206
000000013205,13205
000000013204,13204
000000013203,13203
000000013202,13202
000000013201,13201
000000013200,13200
000000013199,13199
000000013198,13198
000000013197,13197
000000013196,13196
000000013195,13195
000000013194,13194
000000013193,13193
000000013192,13192
000000013191,13191
000000013190,13190
000000013189,13189
000000013188,13188
000000013187,13187
000000013186,13186
000000013185,13185
000000013184,13184
000000013183,13183
000000013182,13182
000000013181,13181
000000013180,13180
000000013179,13179
000000013178,13178
000000013177,13177
000000013176,13176
000000013175,13175
000000013174,13174
000000013173,13173
000000013172,13172
000000013171,13171
000000013170,13170
000000013169,13169
000000013168,13168
000000013167,13167
000000013166,13166
000000013165,13165
000000013164,13164
000000013163,13163
000000013162,13162
000000013161,13161
000000013160,13160
000000013159,13159
000000013158,13158
000000013157,13157
000000013156,13156
000000013155,13155
000000013154,13154
000000013153,13153
000000013152,13152
000000013151,13151
000000013150,13150
000000013149,13149
000000013148,13148
000000013147,13147
000000013146,13146
000000013145,13145
000000013144,13144
000000013143,13143
000000013142,13142
000000013141,13141
000000013140,13140
000000013139,13139
000000013138,13138
000000013137,13137
000000013136,13136
000000013135,13135
000000013134,13134
000000013133,13133
000000013132,13132
000000013131,13131
000000013130,13130
000000013129,13129
000000013128,13128
000000013127,13127
000000013126,13126
000000013125,13125
000000013124,13124
000000013123,13123
000000013122,13122
000000013121,13121
000000013120,13120
000000013119,13119
000000013118,13118
000000013117,13117
000000013116,13116
000000013115,13115
000000013114,13114
000000013113,13113
000000013112,13112
000000013111,13111
000000013110,13110
000000013109,13109
000000013108,13108
000000013107,13107
000000013106,13106
000000013105,13105
000000013104,13104
000000013103,13103
000000013102,13102
000000013101,13101
000000013100,13100
000000013099,13099
000000013098,13098
000000013097,13097
000000013096,13096
000000013095,13095
000000013094,13094
000000013093,13093
000000013092,13092
000000013091,13091
000000013090,13090
000000013089,13089
000000013088,13088
000000013087,13087
000000013086,13086
000000013085,13085
000000013084,13084
000000013083,13083
000000013082,13082
000000013081,13081
000000013080,13080
000000013079,13079
000000013078,13078
000000013077,13077
000000013076,13076
000000013075,13075
000000013074,13074
000000013073,13073
000000013072,13072
000000013071,13071
000000013070,13070
000000013069,13069
000000013068,13068
000000013067,13067
000000013066,13066
000000013065,13065
000000013064,13064
000000013063,13063
000000013062,13062
000000013061,13061
000000013060,13060
000000013059,13059
000000013058,13058
000000013057,13057
000000013056,13056
000000013055,13055
000000013054,13054
000000013053,13053
000000013052,13052
000000013051,13051
000000013050,13050
000000013049,13049
000000013048,13048
000000013047,13047
000000013046,13046
000000013045,13045
000000013044,13044
000000013043,13043
000000013042,13042
000000013041,13041
000000013040,13040
000000013039,13039
000000013038,13038
000000013037,13037
000000013036,13036
000000013035,13035
000000013034,13034
000000013033,13033
000000013032,13032
000000013031,13031
000000013030,13030
000000013029,13029
000000013028,13028
000000013027,13027
000000013026,13026
000000013025,13025
000000013024,13024
000000013023,13023
000000013022,13022
000000013021,13021
000000013020,13020
000000013019,13019
000000013018,13018
000000013017,13017
000000013016,13016
000000013015,13015
000000013014,13014
000000013013,13013
000000013012,13012
000000013011,13011
000000013010,13010
000000013009,13009
000000013008,13008
000000013007,13007
000000013006,13006
000000013005,13005
000000013004,13004
000000013003,13003
000000013002,13002
000000013001,13001
000000013000,13000
000000012999,12999
000000012998,12998
000000012997,12997
000000012996,12996
000000012995,12995
000000012994,12994
000000012993,12993
000000012992,12992
000000012991,12991
000000012990,12990
000000012989,12989
000000012988,12988
000000012987,12987
000000012986,12986
000000012985,12985
000000012984,12984
000000012983,12983
000000012982,12982
000000012981,12981
000000012980,12980
000000012979,12979
000000012978,12978
000000012977,12977
000000012976,12976
000000012975,12975
000000012974,12974
000000012973,12973
000000012972,12972
000000012971,12971
000000012970,12970
000000012969,12969
000000012968,12968
000000012967,12967
000000012966,12966
000000012965,12965
000000012964,12964
000000012963,12963
000000012962,12962
000000012961,12961
000000012960,12960
000000012959,12959
000000012958,12958
000000012957,12957
000000012956,12956
000000012955,12955
000000012954,12954
000000012953,12953
000000012952,12952
000000012951,12951
000000012950,12950
000000012949,12949
000000012948,12948
000000012947,12947
000000012946,12946
000000012945,12945
000000012944,12944
000000012943,12943
000000012942,12942
000000012941,12941
000000012940,12940
000000012939,12939
000000012938,12938
000000012937,12937
000000012936,12936
000000012935,12935
000000012934,12934
000000012933,12933
000000012932,12932
000000012931,12931
000000012930,12930
000000012929,12929
000000012928,12928
000000012927,12927
000000012926,12926
000000012925,12925
000000012924,12924
000000012923,12923
000000012922,12922
000000012921,12921
000000012920,12920
000000012919,12919
000000012918,12918
000000012917,12917
000000012916,12916
000000012915,12915
000000012914,12914
000000012913,12913
000000012912,12912
000000012911,12911
000000012910,12910
000000012909,12909
000000012908,12908
000000012907,12907
000000012906,12906
000000012905,12905
000000012904,12904
000000012903,12903
000000012902,12902
000000012901,12901
000000012900,12900
000000012899,12899
000000012898,12898
000000012897,12897
000000012896,12896
000000012895,12895
000000012894,12894
000000012893,12893
000000012892,12892
000000012891,12891
000000012890,12890
000000012889,12889
000000012888,12888
000000012887,12887
000000012886,12886
000000012885,12885
000000012884,12884
000000012883,12883
000000012882,12882
000000012881,12881
000000012880,12880
000000012879,12879
000000012878,12878
000000012877,12877
000000012876,12876
000000012875,12875
000000012874,12874
000000012873,12873
000000012872,12872
000000012871,12871
000000012870,12870
000000012869,12869
000000012868,12868
000000012867,12867
000000012866,12866
000000012865,12865
000000012864,12864
000000012863,12863
000000012862,12862
000000012861,12861
000000012860,12860
000000012859,12859
000000012858,12858
000000012857,12857
000000012856,12856
000000012855,12855
000000012854,12854
000000012853,12853
000000012852,12852
000000012851,12851
000000012850,12850
000000012849,12849
000000012848,12848
000000012847,12847
000000012846,12846
000000012845,12845
000000012844,12844
000000012843,12843
000000012842,12842
000000012841,12841
000000012840,12840
000000012839,12839
000000012838,12838
000000012837,12837
000000012836,12836
000000012835,12835
000000012834,12834
000000012833,12833
000000012832,12832
000000012831,12831
000000012830,12830
000000012829,12829
000000012828,12828
000000012827,12827
000000012826,12826
000000012825,12825
000000012824,12824
000000012823,12823
000000012822,12822
000000012821,12821
000000012820,12820
000000012819,12819
000000012818,12818
000000012817,12817
000000012816,12816
000000012815,12815
000000012814,12814
000000012813,12813
000000012812,12812
000000012811,12811
000000012810,12810
000000012809,12809
000000012808,12808
000000012807,12807
000000012806,12806
000000012805,12805
000000012804,12804
000000012803,12803
000000012802,12802
000000012801,12801
000000012800,12800
000000012799,12799
000000012798,12798
000000012797,12797
000000012796,12796
000000012795,12795
000000012794,12794
000000012793,12793
000000012792,12792
000000012791,12791
000000012790,12790
000000012789,12789
000000012788,12788
000000012787,12787
000000012786,12786
000000012785,12785
000000012784,12784
000000012783,12783
000000012782,12782
000000012781,12781
000000012780,12780
000000012779,12779
000000012778,12778
000000012777,12777
000000012776,12776
000000012775,12775
000000012774,12774
000000012773,12773
000000012772,12772
000000012771,12771
000000012770,12770
000000012769,12769
000000012768,12768
000000012767,12767
000000012766,12766
000000012765,12765
000000012764,12764
000000012763,12763
000000012762,12762
000000012761,12761
000000012760,12760
000000012759,12759
000000012758,12758
000000012757,12757
000000012756,12756
000000012755,12755
000000012754,12754
000000012753,12753
000000012752,12752
000000012751,12751
000000012750,12750
000000012749,12749
000000012748,12748
000000012747,12747
000000012746,12746
000000012745,12745
000000012744,12744
000000012743,12743
000000012742,12742
000000012741,12741
000000012740,12740
000000012739,12739
000000012738,12738
000000012737,12737
000000012736,12736
000000012735,12735
000000012734,12734
000000012733,12733
000000012732,12732
000000012731,12731
000000012730,12730
000000012729,12729
000000012728,12728
000000012727,12727
000000012726,12726
000000012725,12725
000000012724,12724
000000012723,12723
000000012722,12722
000000012721,12721
000000012720,12720
000000012719,12719
000000012718,12718
000000012717,12717
000000012716,12716
000000012715,12715
000000012714,12714
000000012713,12713
000000012712,12712
000000012711,12711
000000012710,12710
000000012709,12709
000000012708,12708
000000012707,12707
000000012706,12706
000000012705,12705
000000012704,12704
000000012703,12703
000000012702,12702
000000012701,12701
000000012700,12700
000000012699,12699
000000012698,12698
000000012697,12697
000000012696,12696
000000012695,12695
000000012694,12694
000000012693,12693
000000012692,12692
000000012691,12691
000000012690,12690
000000012689,12689
000000012688,12688
000000012687,12687
000000012686,12686
000000012685,12685
000000012684,12684
000000012683,12683
000000012682,12682
000000012681,12681
000000012680,12680
000000012679,12679
000000012678,12678
000000012677,12677
000000012676,12676
000000012675,12675
000000012674,12674
000000012673,12673
000000012672,12672
000000012671,12671
000000012670,12670
000000012669,12669
000000012668,12668
000000012667,12667
000000012666,12666
000000012665,12665
000000012664,12664
000000012663,12663
000000012662,12662
000000012661,12661
000000012660,12660
000000012659,12659
000000012658,12658
000000012657,12657
000000012656,12656
000000012655,12655
000000012654,12654
000000012653,12653
000000012652,12652
000000012651,12651
000000012650,12650
000000012649,12649
000000012648,12648
000000012647,12647
000000012646,12646
000000012645,12645
000000012644,12644
000000012643,12643
000000012642,12642
000000012641,12641
000000012640,12640
000000012639,12639
000000012638,12638
000000012637,12637
000000012636,12636
000000012635,12635
000000012634,12634
000000012633,12633
000000012632,12632
000000012631,12631
000000012630,12630
000000012629,12629
000000012628,12628
000000012627,12627
000000012626,12626
000000012625,12625
000000012624,12624
000000012623,12623
000000012622,12622
000000012621,12621
000000012620,12620
000000012619,12619
000000012618,12618
000000012617,12617
000000012616,12616
000000012615,12615
000000012614,12614
000000012613,12613
000000012612,12612
000000012611,12611
000000012610,12610
000000012609,12609
000000012608,12608
000000012607,12607
000000012606,12606
000000012605,12605
000000012604,12604
000000012603,12603
000000012602,12602
000000012601,12601
000000012600,12600
000000012599,12599
000000012598,12598
000000012597,12597
000000012596,12596
000000012595,12595
000000012594,12594
000000012593,12593
000000012592,12592
000000012591,12591
000000012590,12590
000000012589,12589
000000012588,12588
000000012587,12587
000000012586,12586
000000012585,12585
000000012584,12584
000000012583,12583
000000012582,12582
000000012581,12581
000000012580,12580
000000012579,12579
000000012578,12578
000000012577,12577
000000012576,12576
000000012575,12575
000000012574,12574
000000012573,12573
000000012572,12572
000000012571,12571
000000012570,12570
000000012569,12569
000000012568,12568
000000012567,12567
000000012566,12566
000000012565,12565
000000012564,12564
000000012563,12563
000000012562,12562
000000012561,12561
000000012560,12560
000000012559,12559
000000012558,12558
000000012557,12557
000000012556,12556
000000012555,12555
000000012554,12554
000000012553,12553
000000012552,12552
000000012551,12551
000000012550,12550
000000012549,12549
000000012548,12548
000000012547,12547
000000012546,12546
000000012545,12545
000000012544,12544
000000012543,12543
000000012542,12542
000000012541,12541
000000012540,12540
000000012539,12539
000000012538,12538
000000012537,12537
000000012536,12536
000000012535,12535
000000012534,12534
000000012533,12533
000000012532,12532
000000012531,12531
000000012530,12530
000000012529,12529
000000012528,12528
000000012527,12527
000000012526,12526
000000012525,12525
000000012524,12524
000000012523,12523
000000012522,12522
000000012521,12521
000000012520,12520
000000012519,12519
000000012518,12518
000000012517,12517
000000012516,12516
000000012515,12515
000000012514,12514
000000012513,12513
000000012512,12512
000000012511,12511
000000012510,12510
000000012509,12509
000000012508,12508
000000012507,12507
000000012506,12506
000000012505,12505
000000012504,12504
000000012503,12503
000000012502,12502
000000012501,12501
000000012500,12500
000000012499,12499
000000012498,12498
000000012497,12497
000000012496,12496
000000012495,12495
000000012494,12494
000000012493,12493
000000012492,12492
000000012491,12491
000000012490,12490
000000012489,12489
000000012488,12488
000000012487,12487
000000012486,12486
000000012485,12485
000000012484,12484
000000012483,12483
000000012482,12482
000000012481,12481
000000012480,12480
000000012479,12479
000000012478,12478
000000012477,12477
000000012476,12476
000000012475,12475
000000012474,12474
000000012473,12473
000000012472,12472
000000012471,12471
000000012470,12470
000000012469,12469
000000012468,12468
000000012467,12467
000000012466,12466
000000012465,12465
000000012464,12464
000000012463,12463
000000012462,12462
000000012461,12461
000000012460,12460
000000012459,12459
000000012458,12458
000000012457,12457
000000012456,12456
000000012455,12455
000000012454,12454
000000012453,12453
000000012452,12452
000000012451,12451
000000012450,12450
000000012449,12449
000000012448,12448
000000012447,12447
000000012446,12446
000000012445,12445
000000012444,12444
000000012443,12443
000000012442,12442
000000012441,12441
000000012440,12440
000000012439,12439
000000012438,12438
000000012437,12437
000000012436,12436
000000012435,12435
000000012434,12434
000000012433,12433
000000012432,12432
000000012431,12431
000000012430,12430
000000012429,12429
000000012428,12428
000000012427,12427
000000012426,12426
000000012425,12425
000000012424,12424
000000012423,12423
000000012422,12422
000000012421,12421
000000012420,12420
000000012419,12419
000000012418,12418
000000012417,12417
000000012416,12416
000000012415,12415
000000012414,12414
000000012413,12413
000000012412,12412
000000012411,12411
000000012410,12410
000000012409,12409
000000012408,12408
000000012407,12407
000000012406,12406
000000012405,12405
000000012404,12404
000000012403,12403
000000012402,12402
000000012401,12401
000000012400,12400
000000012399,12399
000000012398,12398
000000012397,12397
000000012396,12396
000000012395,12395
000000012394,12394
000000012393,12393
000000012392,12392
000000012391,12391
000000012390,12390
000000012389,12389
000000012388,12388
000000012387,12387
000000012386,12386
000000012385,12385
000000012384,12384
000000012383,12383
000000012382,12382
000000012381,12381
000000012380,12380
000000012379,12379
000000012378,12378
000000012377,12377
000000012376,12376
000000012375,12375
000000012374,12374
000000012373,12373
000000012372,12372
000000012371,12371
000000012370,12370
000000012369,12369
000000012368,12368
000000012367,12367
000000012366,12366
000000012365,12365
000000012364,12364
000000012363,12363
000000012362,12362
000000012361,12361
000000012360,12360
000000012359,12359
000000012358,12358
000000012357,12357
000000012356,12356
000000012355,12355
000000012354,12354
000000012353,12353
000000012352,12352
000000012351,12351
000000012350,12350
000000012349,12349
000000012348,12348
000000012347,12347
000000012346,12346
000000012345,12345
000000012344,12344
000000012343,12343
000000012342,12342
000000012341,12341
000000012340,12340
000000012339,12339
000000012338,12338
000000012337,12337
000000012336,12336
000000012335,12335
000000012334,12334
000000012333,12333
000000012332,12332
000000012331,12331
000000012330,12330
000000012329,12329
000000012328,12328
000000012327,12327
000000012326,12326
000000012325,12325
000000012324,12324
000000012323,12323
000000012322,12322
000000012321,12321
000000012320,12320
000000012319,12319
000000012318,12318
000000012317,12317
000000012316,12316
000000012315,12315
000000012314,12314
000000012313,12313
000000012312,12312
000000012311,12311
000000012310,12310
000000012309,12309
000000012308,12308
000000012307,12307
000000012306,12306
000000012305,12305
000000012304,12304
000000012303,12303
000000012302,12302
000000012301,12301
000000012300,12300
000000012299,12299
000000012298,12298
000000012297,12297
000000012296,12296
000000012295,12295
000000012294,12294
000000012293,12293
000000012292,12292
000000012291,12291
000000012290,12290
000000012289,12289
000000012288,12288
000000012287,12287
000000012286,12286
000000012285,12285
000000012284,12284
000000012283,12283
000000012282,12282
000000012281,12281
000000012280,12280
000000012279,12279
000000012278,12278
000000012277,12277
000000012276,12276
000000012275,12275
000000012274,12274
000000012273,12273
000000012272,12272
000000012271,12271
000000012270,12270
000000012269,12269
000000012268,12268
000000012267,12267
000000012266,12266
000000012265,12265
000000012264,12264
000000012263,12263
000000012262,12262
000000012261,12261
000000012260,12260
000000012259,12259
000000012258,12258
000000012257,12257
000000012256,12256
000000012255,12255
000000012254,12254
000000012253,12253
000000012252,12252
000000012251,12251
000000012250,12250
000000012249,12249
000000012248,12248
000000012247,12247
000000012246,12246
000000012245,12245
000000012244,12244
000000012243,12243
000000012242,12242
000000012241,12241
000000012240,12240
000000012239,12239
000000012238,12238
000000012237,12237
000000012236,12236
000000012235,12235
000000012234,12234
000000012233,12233
000000012232,12232
000000012231,12231
000000012230,12230
000000012229,12229
000000012228,12228
000000012227,12227
000000012226,12226
000000012225,12225
000000012224,12224
000000012223,12223
000000012222,12222
000000012221,12221
000000012220,12220
000000012219,12219
000000012218,12218
000000012217,12217
000000012216,12216
000000012215,12215
000000012214,12214
000000012213,12213
000000012212,12212
000000012211,12211
000000012210,12210
000000012209,12209
000000012208,12208
000000012207,12207
000000012206,12206
000000012205,12205
000000012204,12204
000000012203,12203
000000012202,12202
000000012201,12201
000000012200,12200
000000012199,12199
000000012198,12198
000000012197,12197
000000012196,12196
000000012195,12195
000000012194,12194
000000012193,12193
000000012192,12192
000000012191,12191
000000012190,12190
000000012189,12189
000000012188,12188
000000012187,12187
000000012186,12186
000000012185,12185
000000012184,12184
000000012183,12183
000000012182,12182
000000012181,12181
000000012180,12180
000000012179,12179
000000012178,12178
000000012177,12177
000000012176,12176
000000012175,12175
000000012174,12174
000000012173,12173
000000012172,12172
000000012171,12171
000000012170,12170
000000012169,12169
000000012168,12168
000000012167,12167
000000012166,12166
000000012165,12165
000000012164,12164
000000012163,12163
000000012162,12162
000000012161,12161
000000012160,12160
000000012159,12159
000000012158,12158
000000012157,12157
000000012156,12156
000000012155,12155
000000012154,12154
000000012153,12153
000000012152,12152
000000012151,12151
000000012150,12150
000000012149,12149
000000012148,12148
000000012147,12147
000000012146,12146
000000012145,12145
000000012144,12144
000000012143,12143
000000012142,12142
000000012141,12141
000000012140,12140
000000012139,12139
000000012138,12138
000000012137,12137
000000012136,12136
000000012135,12135
000000012134,12134
000000012133,12133
000000012132,12132
000000012131,12131
000000012130,12130
000000012129,12129
000000012128,12128
000000012127,12127
000000012126,12126
000000012125,12125
000000012124,12124
000000012123,12123
000000012122,12122
000000012121,12121
000000012120,12120
000000012119,12119
000000012118,12118
000000012117,12117
000000012116,12116
000000012115,12115
000000012114,12114
000000012113,12113
000000012112,12112
000000012111,12111
000000012110,12110
000000012109,12109
000000012108,12108
000000012107,12107
000000012106,12106
000000012105,12105
000000012104,12104
000000012103,12103
000000012102,12102
000000012101,12101
000000012100,12100
000000012099,12099
000000012098,12098
000000012097,12097
000000012096,12096
000000012095,12095
000000012094,12094
000000012093,12093
000000012092,12092
000000012091,12091
000000012090,12090
000000012089,12089
000000012088,12088
000000012087,12087
000000012086,12086
000000012085,12085
000000012084,12084
000000012083,12083
000000012082,12082
000000012081,12081
000000012080,12080
000000012079,12079
000000012078,12078
000000012077,12077
000000012076,12076
000000012075,12075
000000012074,12074
000000012073,12073
000000012072,12072
000000012071,12071
000000012070,12070
000000012069,12069
000000012068,12068
000000012067,12067
000000012066,12066
000000012065,12065
000000012064,12064
000000012063,12063
000000012062,12062
000000012061,12061
000000012060,12060
000000012059,12059
000000012058,12058
000000012057,12057
000000012056,12056
000000012055,12055
000000012054,12054
000000012053,12053
000000012052,12052
000000012051,12051
000000012050,12050
000000012049,12049
000000012048,12048
000000012047,12047
000000012046,12046
000000012045,12045
000000012044,12044
000000012043,12043
000000012042,12042
000000012041,12041
000000012040,12040
000000012039,12039
000000012038,12038
000000012037,12037
000000012036,12036
000000012035,12035
000000012034,12034
000000012033,12033
000000012032,12032
000000012031,12031
000000012030,12030
000000012029,12029
000000012028,12028
000000012027,12027
000000012026,12026
000000012025,12025
000000012024,12024
000000012023,12023
000000012022,12022
000000012021,12021
000000012020,12020
000000012019,12019
000000012018,12018
000000012017,12017
000000012016,12016
000000012015,12015
000000012014,12014
000000012013,12013
000000012012,12012
000000012011,12011
000000012010,12010
000000012009,12009
000000012008,12008
000000012007,12007
000000012006,12006
000000012005,12005
000000012004,12004
000000012003,12003
000000012002,12002
000000012001,12001
000000012000,12000
000000011999,11999
000000011998,11998
000000011997,11997
000000011996,11996
000000011995,11995
000000011994,11994
000000011993,11993
000000011992,11992
000000011991,11991
000000011990,11990
000000011989,11989
000000011988,11988
000000011987,11987
000000011986,11986
000000011985,11985
000000011984,11984
000000011983,11983
000000011982,11982
000000011981,11981
000000011980,11980
000000011979,11979
000000011978,11978
000000011977,11977
000000011976,11976
000000011975,11975
000000011974,11974
000000011973,11973
000000011972,11972
000000011971,11971
000000011970,11970
000000011969,11969
000000011968,11968
000000011967,11967
000000011966,11966
000000011965,11965
000000011964,11964
000000011963,11963
000000011962,11962
000000011961,11961
000000011960,11960
000000011959,11959
000000011958,11958
000000011957,11957
000000011956,11956
000000011955,11955
000000011954,11954
000000011953,11953
000000011952,11952
000000011951,11951
000000011950,11950
000000011949,11949
000000011948,11948
000000011947,11947
000000011946,11946
000000011945,11945
000000011944,11944
000000011943,11943
000000011942,11942
000000011941,11941
000000011940,11940
000000011939,11939
000000011938,11938
000000011937,11937
000000011936,11936
000000011935,11935
000000011934,11934
000000011933,11933
000000011932,11932
000000011931,11931
000000011930,11930
000000011929,11929
000000011928,11928
000000011927,11927
000000011926,11926
000000011925,11925
000000011924,11924
000000011923,11923
000000011922,11922
000000011921,11921
000000011920,11920
000000011919,11919
000000011918,11918
000000011917,11917
000000011916,11916
000000011915,11915
000000011914,11914
000000011913,11913
000000011912,11912
000000011911,11911
000000011910,11910
000000011909,11909
000000011908,11908
000000011907,11907
000000011906,11906
000000011905,11905
000000011904,11904
000000011903,11903
000000011902,11902
000000011901,11901
000000011900,11900
000000011899,11899
000000011898,11898
000000011897,11897
000000011896,11896
000000011895,11895
000000011894,11894
000000011893,11893
000000011892,11892
000000011891,11891
000000011890,11890
000000011889,11889
000000011888,11888
000000011887,11887
000000011886,11886
000000011885,11885
000000011884,11884
000000011883,11883
000000011882,11882
000000011881,11881
000000011880,11880
000000011879,11879
000000011878,11878
000000011877,11877
000000011876,11876
000000011875,11875
000000011874,11874
000000011873,11873
000000011872,11872
000000011871,11871
000000011870,11870
000000011869,11869
000000011868,11868
000000011867,11867
000000011866,11866
000000011865,11865
000000011864,11864
000000011863,11863
000000011862,11862
000000011861,11861
000000011860,11860
000000011859,11859
000000011858,11858
000000011857,11857
000000011856,11856
000000011855,11855
000000011854,11854
000000011853,11853
000000011852,11852
000000011851,11851
000000011850,11850
000000011849,11849
000000011848,11848
000000011847,11847
000000011846,11846
000000011845,11845
000000011844,11844
000000011843,11843
000000011842,11842
000000011841,11841
000000011840,11840
000000011839,11839
000000011838,11838
000000011837,11837
000000011836,11836
000000011835,11835
000000011834,11834
000000011833,11833
000000011832,11832
000000011831,11831
000000011830,11830
000000011829,11829
000000011828,11828
000000011827,11827
000000011826,11826
000000011825,11825
000000011824,11824
000000011823,11823
000000011822,11822
000000011821,11821
000000011820,11820
000000011819,11819
000000011818,11818
000000011817,11817
000000011816,11816
000000011815,11815
000000011814,11814
000000011813,11813
000000011812,11812
000000011811,11811
000000011810,11810
000000011809,11809
000000011808,11808
000000011807,11807
000000011806,11806
000000011805,11805
000000011804,11804
000000011803,11803
000000011802,11802
000000011801,11801
000000011800,11800
000000011799,11799
000000011798,11798
000000011797,11797
000000011796,11796
000000011795,11795
000000011794,11794
000000011793,11793
000000011792,11792
000000011791,11791
000000011790,11790
000000011789,11789
000000011788,11788
000000011787,11787
000000011786,11786
000000011785,11785
000000011784,11784
000000011783,11783
000000011782,11782
000000011781,11781
000000011780,11780
000000011779,11779
000000011778,11778
000000011777,11777
000000011776,11776
000000011775,11775
000000011774,11774
000000011773,11773
000000011772,11772
000000011771,11771
000000011770,11770
000000011769,11769
000000011768,11768
000000011767,11767
000000011766,11766
000000011765,11765
000000011764,11764
000000011763,11763
000000011762,11762
000000011761,11761
000000011760,11760
000000011759,11759
000000011758,11758
000000011757,11757
000000011756,11756
000000011755,11755
000000011754,11754
000000011753,11753
000000011752,11752
000000011751,11751
000000011750,11750
000000011749,11749
000000011748,11748
000000011747,11747
000000011746,11746
000000011745,11745
000000011744,11744
000000011743,11743
000000011742,11742
000000011741,11741
000000011740,11740
000000011739,11739
000000011738,11738
000000011737,11737
000000011736,11736
000000011735,11735
000000011734,11734
000000011733,11733
000000011732,11732
000000011731,11731
000000011730,11730
000000011729,11729
000000011728,11728
000000011727,11727
000000011726,11726
000000011725,11725
000000011724,11724
000000011723,11723
000000011722,11722
000000011721,11721
000000011720,11720
000000011719,11719
000000011718,11718
000000011717,11717
000000011716,11716
000000011715,11715
000000011714,11714
000000011713,11713
000000011712,11712
000000011711,11711
000000011710,11710
000000011709,11709
000000011708,11708
000000011707,11707
000000011706,11706
000000011705,11705
000000011704,11704
000000011703,11703
000000011702,11702
000000011701,11701
000000011700,11700
000000011699,11699
000000011698,11698
000000011697,11697
000000011696,11696
000000011695,11695
000000011694,11694
000000011693,11693
000000011692,11692
000000011691,11691
000000011690,11690
000000011689,11689
000000011688,11688
000000011687,11687
000000011686,11686
000000011685,11685
000000011684,11684
000000011683,11683
000000011682,11682
000000011681,11681
000000011680,11680
000000011679,11679
000000011678,11678
000000011677,11677
000000011676,11676
000000011675,11675
000000011674,11674
000000011673,11673
000000011672,11672
000000011671,11671
000000011670,11670
000000011669,11669
000000011668,11668
000000011667,11667
000000011666,11666
000000011665,11665
000000011664,11664
000000011663,11663
000000011662,11662
000000011661,11661
000000011660,11660
000000011659,11659
000000011658,11658
000000011657,11657
000000011656,11656
000000011655,11655
000000011654,11654
000000011653,11653
000000011652,11652
000000011651,11651
000000011650,11650
000000011649,11649
000000011648,11648
000000011647,11647
000000011646,11646
000000011645,11645
000000011644,11644
000000011643,11643
000000011642,11642
000000011641,11641
000000011640,11640
000000011639,11639
000000011638,11638
000000011637,11637
000000011636,11636
000000011635,11635
000000011634,11634
000000011633,11633
000000011632,11632
000000011631,11631
000000011630,11630
000000011629,11629
000000011628,11628
000000011627,11627
000000011626,11626
000000011625,11625
000000011624,11624
000000011623,11623
000000011622,11622
000000011621,11621
000000011620,11620
000000011619,11619
000000011618,11618
000000011617,11617
000000011616,11616
000000011615,11615
000000011614,11614
000000011613,11613
000000011612,11612
000000011611,11611
000000011610,11610
000000011609,11609
000000011608,11608
000000011607,11607
000000011606,11606
000000011605,11605
000000011604,11604
000000011603,11603
000000011602,11602
000000011601,11601
000000011600,11600
000000011599,11599
000000011598,11598
000000011597,11597
000000011596,11596
000000011595,11595
000000011594,11594
000000011593,11593
000000011592,11592
000000011591,11591
000000011590,11590
000000011589,11589
000000011588,11588
000000011587,11587
000000011586,11586
000000011585,11585
000000011584,11584
000000011583,11583
000000011582,11582
000000011581,11581
000000011580,11580
000000011579,11579
000000011578,11578
000000011577,11577
000000011576,11576
000000011575,11575
000000011574,11574
000000011573,11573
000000011572,11572
000000011571,11571
000000011570,11570
000000011569,11569
000000011568,11568
000000011567,11567
000000011566,11566
000000011565,11565
000000011564,11564
000000011563,11563
000000011562,11562
000000011561,11561
000000011560,11560
000000011559,11559
000000011558,11558
000000011557,11557
000000011556,11556
000000011555,11555
000000011554,11554
000000011553,11553
000000011552,11552
000000011551,11551
000000011550,11550
000000011549,11549
000000011548,11548
000000011547,11547
000000011546,11546
000000011545,11545
000000011544,11544
000000011543,11543
000000011542,11542
000000011541,11541
000000011540,11540
000000011539,11539
000000011538,11538
000000011537,11537
000000011536,11536
000000011535,11535
000000011534,11534
000000011533,11533
000000011532,11532
000000011531,11531
000000011530,11530
000000011529,11529
000000011528,11528
000000011527,11527
000000011526,11526
000000011525,11525
000000011524,11524
000000011523,11523
000000011522,11522
000000011521,11521
000000011520,11520
000000011519,11519
000000011518,11518
000000011517,11517
000000011516,11516
000000011515,11515
000000011514,11514
000000011513,11513
000000011512,11512
000000011511,11511
000000011510,11510
000000011509,11509
000000011508,11508
000000011507,11507
000000011506,11506
000000011505,11505
000000011504,11504
000000011503,11503
000000011502,11502
000000011501,11501
000000011500,11500
000000011499,11499
000000011498,11498
000000011497,11497
000000011496,11496
000000011495,11495
000000011494,11494
000000011493,11493
000000011492,11492
000000011491,11491
000000011490,11490
000000011489,11489
000000011488,11488
000000011487,11487
000000011486,11486
000000011485,11485
000000011484,11484
000000011483,11483
000000011482,11482
000000011481,11481
000000011480,11480
000000011479,11479
000000011478,11478
000000011477,11477
000000011476,11476
000000011475,11475
000000011474,11474
000000011473,11473
000000011472,11472
000000011471,11471
000000011470,11470
000000011469,11469
000000011468,11468
000000011467,11467
000000011466,11466
000000011465,11465
000000011464,11464
000000011463,11463
000000011462,11462
000000011461,11461
000000011460,11460
000000011459,11459
000000011458,11458
000000011457,11457
000000011456,11456
000000011455,11455
000000011454,11454
000000011453,11453
000000011452,11452
000000011451,11451
000000011450,11450
000000011449,11449
000000011448,11448
000000011447,11447
000000011446,11446
000000011445,11445
000000011444,11444
000000011443,11443
000000011442,11442
000000011441,11441
000000011440,11440
000000011439,11439
000000011438,11438
000000011437,11437
000000011436,11436
000000011435,11435
000000011434,11434
000000011433,11433
000000011432,11432
000000011431,11431
000000011430,11430
000000011429,11429
000000011428,11428
000000011427,11427
000000011426,11426
000000011425,11425
000000011424,11424
000000011423,11423
000000011422,11422
000000011421,11421
000000011420,11420
000000011419,11419
000000011418,11418
000000011417,11417
000000011416,11416
000000011415,11415
000000011414,11414
000000011413,11413
000000011412,11412
000000011411,11411
000000011410,11410
000000011409,11409
000000011408,11408
000000011407,11407
000000011406,11406
000000011405,11405
000000011404,11404
000000011403,11403
000000011402,11402
000000011401,11401
000000011400,11400
000000011399,11399
000000011398,11398
000000011397,11397
000000011396,11396
000000011395,11395
000000011394,11394
000000011393,11393
000000011392,11392
000000011391,11391
000000011390,11390
000000011389,11389
000000011388,11388
000000011387,11387
000000011386,11386
000000011385,11385
000000011384,11384
000000011383,11383
000000011382,11382
000000011381,11381
000000011380,11380
000000011379,11379
000000011378,11378
000000011377,11377
000000011376,11376
000000011375,11375
000000011374,11374
000000011373,11373
000000011372,11372
000000011371,11371
000000011370,11370
000000011369,11369
000000011368,11368
000000011367,11367
000000011366,11366
000000011365,11365
000000011364,11364
000000011363,11363
000000011362,11362
000000011361,11361
000000011360,11360
000000011359,11359
000000011358,11358
000000011357,11357
000000011356,11356
000000011355,11355
000000011354,11354
000000011353,11353
000000011352,11352
000000011351,11351
000000011350,11350
000000011349,11349
000000011348,11348
000000011347,11347
000000011346,11346
000000011345,11345
000000011344,11344
000000011343,11343
000000011342,11342
000000011341,11341
000000011340,11340
000000011339,11339
000000011338,11338
000000011337,11337
000000011336,11336
000000011335,11335
000000011334,11334
000000011333,11333
000000011332,11332
000000011331,11331
000000011330,11330
000000011329,11329
000000011328,11328
000000011327,11327
000000011326,11326
000000011325,11325
000000011324,11324
000000011323,11323
000000011322,11322
000000011321,11321
000000011320,11320
000000011319,11319
000000011318,11318
000000011317,11317
000000011316,11316
000000011315,11315
000000011314,11314
000000011313,11313
000000011312,11312
000000011311,11311
000000011310,11310
000000011309,11309
000000011308,11308
000000011307,11307
000000011306,11306
000000011305,11305
000000011304,11304
000000011303,11303
000000011302,11302
000000011301,11301
000000011300,11300
000000011299,11299
000000011298,11298
000000011297,11297
000000011296,11296
000000011295,11295
000000011294,11294
000000011293,11293
000000011292,11292
000000011291,11291
000000011290,11290
000000011289,11289
000000011288,11288
000000011287,11287
000000011286,11286
000000011285,11285
000000011284,11284
000000011283,11283
000000011282,11282
000000011281,11281
000000011280,11280
000000011279,11279
000000011278,11278
000000011277,11277
000000011276,11276
000000011275,11275
000000011274,11274
000000011273,11273
000000011272,11272
000000011271,11271
000000011270,11270
000000011269,11269
000000011268,11268
000000011267,11267
000000011266,11266
000000011265,11265
000000011264,11264
000000011263,11263
000000011262,11262
000000011261,11261
000000011260,11260
000000011259,11259
000000011258,11258
000000011257,11257
000000011256,11256
000000011255,11255
000000011254,11254
000000011253,11253
000000011252,11252
000000011251,11251
000000011250,11250
000000011249,11249
000000011248,11248
000000011247,11247
000000011246,11246
000000011245,11245
000000011244,11244
000000011243,11243
000000011242,11242
000000011241,11241
000000011240,11240
000000011239,11239
000000011238,11238
000000011237,11237
000000011236,11236
000000011235,11235
000000011234,11234
000000011233,11233
000000011232,11232
000000011231,11231
000000011230,11230
000000011229,11229
000000011228,11228
000000011227,11227
000000011226,11226
000000011225,11225
000000011224,11224
000000011223,11223
000000011222,11222
000000011221,11221
000000011220,11220
000000011219,11219
000000011218,11218
000000011217,11217
000000011216,11216
000000011215,11215
000000011214,11214
000000011213,11213
000000011212,11212
000000011211,11211
000000011210,11210
000000011209,11209
000000011208,11208
000000011207,11207
000000011206,11206
000000011205,11205
000000011204,11204
000000011203,11203
000000011202,11202
000000011201,11201
000000011200,11200
000000011199,11199
000000011198,11198
000000011197,11197
000000011196,11196
000000011195,11195
000000011194,11194
000000011193,11193
000000011192,11192
000000011191,11191
000000011190,11190
000000011189,11189
000000011188,11188
000000011187,11187
000000011186,11186
000000011185,11185
000000011184,11184
000000011183,11183
000000011182,11182
000000011181,11181
000000011180,11180
000000011179,11179
000000011178,11178
000000011177,11177
000000011176,11176
000000011175,11175
000000011174,11174
000000011173,11173
000000011172,11172
000000011171,11171
000000011170,11170
000000011169,11169
000000011168,11168
000000011167,11167
000000011166,11166
000000011165,11165
000000011164,11164
000000011163,11163
000000011162,11162
000000011161,11161
000000011160,11160
000000011159,11159
000000011158,11158
000000011157,11157
000000011156,11156
000000011155,11155
000000011154,11154
000000011153,11153
000000011152,11152
000000011151,11151
000000011150,11150
000000011149,11149
000000011148,11148
000000011147,11147
000000011146,11146
000000011145,11145
000000011144,11144
000000011143,11143
000000011142,11142
000000011141,11141
000000011140,11140
000000011139,11139
000000011138,11138
000000011137,11137
000000011136,11136
000000011135,11135
000000011134,11134
000000011133,11133
000000011132,11132
000000011131,11131
000000011130,11130
000000011129,11129
000000011128,11128
000000011127,11127
000000011126,11126
000000011125,11125
000000011124,11124
000000011123,11123
000000011122,11122
000000011121,11121
000000011120,11120
000000011119,11119
000000011118,11118
000000011117,11117
000000011116,11116
000000011115,11115
000000011114,11114
000000011113,11113
000000011112,11112
000000011111,11111
000000011110,11110
000000011109,11109
000000011108,11108
000000011107,11107
000000011106,11106
000000011105,11105
000000011104,11104
000000011103,11103
000000011102,11102
000000011101,11101
000000011100,11100
000000011099,11099
000000011098,11098
000000011097,11097
000000011096,11096
000000011095,11095
000000011094,11094
000000011093,11093
000000011092,11092
000000011091,11091
000000011090,11090
000000011089,11089
000000011088,11088
000000011087,11087
000000011086,11086
000000011085,11085
000000011084,11084
000000011083,11083
000000011082,11082
000000011081,11081
000000011080,11080
000000011079,11079
000000011078,11078
000000011077,11077
000000011076,11076
000000011075,11075
000000011074,11074
000000011073,11073
000000011072,11072
000000011071,11071
000000011070,11070
000000011069,11069
000000011068,11068
000000011067,11067
000000011066,11066
000000011065,11065
000000011064,11064
000000011063,11063
000000011062,11062
000000011061,11061
000000011060,11060
000000011059,11059
000000011058,11058
000000011057,11057
000000011056,11056
000000011055,11055
000000011054,11054
000000011053,11053
000000011052,11052
000000011051,11051
000000011050,11050
000000011049,11049
000000011048,11048
000000011047,11047
000000011046,11046
000000011045,11045
000000011044,11044
000000011043,11043
000000011042,11042
000000011041,11041
000000011040,11040
000000011039,11039
000000011038,11038
000000011037,11037
000000011036,11036
000000011035,11035
000000011034,11034
000000011033,11033
000000011032,11032
000000011031,11031
000000011030,11030
000000011029,11029
000000011028,11028
000000011027,11027
000000011026,11026
000000011025,11025
000000011024,11024
000000011023,11023
000000011022,11022
000000011021,11021
000000011020,11020
000000011019,11019
000000011018,11018
000000011017,11017
000000011016,11016
000000011015,11015
000000011014,11014
000000011013,11013
000000011012,11012
000000011011,11011
000000011010,11010
000000011009,11009
000000011008,11008
000000011007,11007
000000011006,11006
000000011005,11005
000000011004,11004
000000011003,11003
000000011002,11002
000000011001,11001
000000011000,11000
000000010999,10999
000000010998,10998
000000010997,10997
000000010996,10996
000000010995,10995
000000010994,10994
000000010993,10993
000000010992,10992
000000010991,10991
000000010990,10990
000000010989,10989
000000010988,10988
000000010987,10987
000000010986,10986
000000010985,10985
000000010984,10984
000000010983,10983
000000010982,10982
000000010981,10981
000000010980,10980
000000010979,10979
000000010978,10978
000000010977,10977
000000010976,10976
000000010975,10975
000000010974,10974
000000010973,10973
000000010972,10972
000000010971,10971
000000010970,10970
000000010969,10969
000000010968,10968
000000010967,10967
000000010966,10966
000000010965,10965
000000010964,10964
000000010963,10963
000000010962,10962
000000010961,10961
000000010960,10960
000000010959,10959
000000010958,10958
000000010957,10957
000000010956,10956
000000010955,10955
000000010954,10954
000000010953,10953
000000010952,10952
000000010951,10951
000000010950,10950
000000010949,10949
000000010948,10948
000000010947,10947
000000010946,10946
000000010945,10945
000000010944,10944
000000010943,10943
000000010942,10942
000000010941,10941
000000010940,10940
000000010939,10939
000000010938,10938
000000010937,10937
000000010936,10936
000000010935,10935
000000010934,10934
000000010933,10933
000000010932,10932
000000010931,10931
000000010930,10930
000000010929,10929
000000010928,10928
000000010927,10927
000000010926,10926
000000010925,10925
000000010924,10924
000000010923,10923
000000010922,10922
000000010921,10921
000000010920,10920
000000010919,10919
000000010918,10918
000000010917,10917
000000010916,10916
000000010915,10915
000000010914,10914
000000010913,10913
000000010912,10912
000000010911,10911
000000010910,10910
000000010909,10909
000000010908,10908
000000010907,10907
000000010906,10906
000000010905,10905
000000010904,10904
000000010903,10903
000000010902,10902
000000010901,10901
000000010900,10900
000000010899,10899
000000010898,10898
000000010897,10897
000000010896,10896
000000010895,10895
000000010894,10894
000000010893,10893
000000010892,10892
000000010891,10891
000000010890,10890
000000010889,10889
000000010888,10888
000000010887,10887
000000010886,10886
000000010885,10885
000000010884,10884
000000010883,10883
000000010882,10882
000000010881,10881
000000010880,10880
000000010879,10879
000000010878,10878
000000010877,10877
000000010876,10876
000000010875,10875
000000010874,10874
000000010873,10873
000000010872,10872
000000010871,10871
000000010870,10870
000000010869,10869
000000010868,10868
000000010867,10867
000000010866,10866
000000010865,10865
000000010864,10864
000000010863,10863
000000010862,10862
000000010861,10861
000000010860,10860
000000010859,10859
000000010858,10858
000000010857,10857
000000010856,10856
000000010855,10855
000000010854,10854
000000010853,10853
000000010852,10852
000000010851,10851
000000010850,10850
000000010849,10849
000000010848,10848
000000010847,10847
000000010846,10846
000000010845,10845
000000010844,10844
000000010843,10843
000000010842,10842
000000010841,10841
000000010840,10840
000000010839,10839
000000010838,10838
000000010837,10837
000000010836,10836
000000010835,10835
000000010834,10834
000000010833,10833
000000010832,10832
000000010831,10831
000000010830,10830
000000010829,10829
000000010828,10828
000000010827,10827
000000010826,10826
000000010825,10825
000000010824,10824
000000010823,10823
000000010822,10822
000000010821,10821
000000010820,10820
000000010819,10819
000000010818,10818
000000010817,10817
000000010816,10816
000000010815,10815
000000010814,10814
000000010813,10813
000000010812,10812
000000010811,10811
000000010810,10810
000000010809,10809
000000010808,10808
000000010807,10807
000000010806,10806
000000010805,10805
000000010804,10804
000000010803,10803
000000010802,10802
000000010801,10801
000000010800,10800
000000010799,10799
000000010798,10798
000000010797,10797
000000010796,10796
000000010795,10795
000000010794,10794
000000010793,10793
000000010792,10792
000000010791,10791
000000010790,10790
000000010789,10789
000000010788,10788
000000010787,10787
000000010786,10786
000000010785,10785
000000010784,10784
000000010783,10783
000000010782,10782
000000010781,10781
000000010780,10780
000000010779,10779
000000010778,10778
000000010777,10777
000000010776,10776
000000010775,10775
000000010774,10774
000000010773,10773
000000010772,10772
000000010771,10771
000000010770,10770
000000010769,10769
000000010768,10768
000000010767,10767
000000010766,10766
000000010765,10765
000000010764,10764
000000010763,10763
000000010762,10762
000000010761,10761
000000010760,10760
000000010759,10759
000000010758,10758
000000010757,10757
000000010756,10756
000000010755,10755
000000010754,10754
000000010753,10753
000000010752,10752
000000010751,10751
000000010750,10750
000000010749,10749
000000010748,10748
000000010747,10747
000000010746,10746
000000010745,10745
000000010744,10744
000000010743,10743
000000010742,10742
000000010741,10741
000000010740,10740
000000010739,10739
000000010738,10738
000000010737,10737
000000010736,10736
000000010735,10735
000000010734,10734
000000010733,10733
000000010732,10732
000000010731,10731
000000010730,10730
000000010729,10729
000000010728,10728
000000010727,10727
000000010726,10726
000000010725,10725
000000010724,10724
000000010723,10723
000000010722,10722
000000010721,10721
000000010720,10720
000000010719,10719
000000010718,10718
000000010717,10717
000000010716,10716
000000010715,10715
000000010714,10714
000000010713,10713
000000010712,10712
000000010711,10711
000000010710,10710
000000010709,10709
000000010708,10708
000000010707,10707
000000010706,10706
000000010705,10705
000000010704,10704
000000010703,10703
000000010702,10702
000000010701,10701
000000010700,10700
000000010699,10699
000000010698,10698
000000010697,10697
000000010696,10696
000000010695,10695
000000010694,10694
000000010693,10693
000000010692,10692
000000010691,10691
000000010690,10690
000000010689,10689
000000010688,10688
000000010687,10687
000000010686,10686
000000010685,10685
000000010684,10684
000000010683,10683
000000010682,10682
000000010681,10681
000000010680,10680
000000010679,10679
000000010678,10678
000000010677,10677
000000010676,10676
000000010675,10675
000000010674,10674
000000010673,10673
000000010672,10672
000000010671,10671
000000010670,10670
000000010669,10669
000000010668,10668
000000010667,10667
000000010666,10666
000000010665,10665
000000010664,10664
000000010663,10663
000000010662,10662
000000010661,10661
000000010660,10660
000000010659,10659
000000010658,10658
000000010657,10657
000000010656,10656
000000010655,10655
000000010654,10654
000000010653,10653
000000010652,10652
000000010651,10651
000000010650,10650
000000010649,10649
000000010648,10648
000000010647,10647
000000010646,10646
000000010645,10645
000000010644,10644
000000010643,10643
000000010642,10642
000000010641,10641
000000010640,10640
000000010639,10639
000000010638,10638
000000010637,10637
000000010636,10636
000000010635,10635
000000010634,10634
000000010633,10633
000000010632,10632
000000010631,10631
000000010630,10630
000000010629,10629
000000010628,10628
000000010627,10627
000000010626,10626
000000010625,10625
000000010624,10624
000000010623,10623
000000010622,10622
000000010621,10621
000000010620,10620
000000010619,10619
000000010618,10618
000000010617,10617
000000010616,10616
000000010615,10615
000000010614,10614
000000010613,10613
000000010612,10612
000000010611,10611
000000010610,10610
000000010609,10609
000000010608,10608
000000010607,10607
000000010606,10606
000000010605,10605
000000010604,10604
000000010603,10603
000000010602,10602
000000010601,10601
000000010600,10600
000000010599,10599
000000010598,10598
000000010597,10597
000000010596,10596
000000010595,10595
000000010594,10594
000000010593,10593
000000010592,10592
000000010591,10591
000000010590,10590
000000010589,10589
000000010588,10588
000000010587,10587
000000010586,10586
000000010585,10585
000000010584,10584
000000010583,10583
000000010582,10582
000000010581,10581
000000010580,10580
000000010579,10579
000000010578,10578
000000010577,10577
000000010576,10576
000000010575,10575
000000010574,10574
000000010573,10573
000000010572,10572
000000010571,10571
000000010570,10570
000000010569,10569
000000010568,10568
000000010567,10567
000000010566,10566
000000010565,10565
000000010564,10564
000000010563,10563
000000010562,10562
000000010561,10561
000000010560,10560
000000010559,10559
000000010558,10558
000000010557,10557
000000010556,10556
000000010555,10555
000000010554,10554
000000010553,10553
000000010552,10552
000000010551,10551
000000010550,10550
000000010549,10549
000000010548,10548
000000010547,10547
000000010546,10546
000000010545,10545
000000010544,10544
000000010543,10543
000000010542,10542
000000010541,10541
000000010540,10540
000000010539,10539
000000010538,10538
000000010537,10537
000000010536,10536
000000010535,10535
000000010534,10534
000000010533,10533
000000010532,10532
000000010531,10531
000000010530,10530
000000010529,10529
000000010528,10528
000000010527,10527
000000010526,10526
000000010525,10525
000000010524,10524
000000010523,10523
000000010522,10522
000000010521,10521
000000010520,10520
000000010519,10519
000000010518,10518
000000010517,10517
000000010516,10516
000000010515,10515
000000010514,10514
000000010513,10513
000000010512,10512
000000010511,10511
000000010510,10510
000000010509,10509
000000010508,10508
000000010507,10507
000000010506,10506
000000010505,10505
000000010504,10504
000000010503,10503
000000010502,10502
000000010501,10501
000000010500,10500
000000010499,10499
000000010498,10498
000000010497,10497
000000010496,10496
000000010495,10495
000000010494,10494
000000010493,10493
000000010492,10492
000000010491,10491
000000010490,10490
000000010489,10489
000000010488,10488
000000010487,10487
000000010486,10486
000000010485,10485
000000010484,10484
000000010483,10483
000000010482,10482
000000010481,10481
000000010480,10480
000000010479,10479
000000010478,10478
000000010477,10477
000000010476,10476
000000010475,10475
000000010474,10474
000000010473,10473
000000010472,10472
000000010471,10471
000000010470,10470
000000010469,10469
000000010468,10468
000000010467,10467
000000010466,10466
000000010465,10465
000000010464,10464
000000010463,10463
000000010462,10462
000000010461,10461
000000010460,10460
000000010459,10459
000000010458,10458
000000010457,10457
000000010456,10456
000000010455,10455
000000010454,10454
000000010453,10453
000000010452,10452
000000010451,10451
000000010450,10450
000000010449,10449
000000010448,10448
000000010447,10447
000000010446,10446
000000010445,10445
000000010444,10444
000000010443,10443
000000010442,10442
000000010441,10441
000000010440,10440
000000010439,10439
000000010438,10438
000000010437,10437
000000010436,10436
000000010435,10435
000000010434,10434
000000010433,10433
000000010432,10432
000000010431,10431
000000010430,10430
000000010429,10429
000000010428,10428
000000010427,10427
000000010426,10426
000000010425,10425
000000010424,10424
000000010423,10423
000000010422,10422
000000010421,10421
000000010420,10420
000000010419,10419
000000010418,10418
000000010417,10417
000000010416,10416
000000010415,10415
000000010414,10414
000000010413,10413
000000010412,10412
000000010411,10411
000000010410,10410
000000010409,10409
000000010408,10408
000000010407,10407
000000010406,10406
000000010405,10405
000000010404,10404
000000010403,10403
000000010402,10402
000000010401,10401
000000010400,10400
000000010399,10399
000000010398,10398
000000010397,10397
000000010396,10396
000000010395,10395
000000010394,10394
000000010393,10393
000000010392,10392
000000010391,10391
000000010390,10390
000000010389,10389
000000010388,10388
000000010387,10387
000000010386,10386
000000010385,10385
000000010384,10384
000000010383,10383
000000010382,10382
000000010381,10381
000000010380,10380
000000010379,10379
000000010378,10378
000000010377,10377
000000010376,10376
000000010375,10375
000000010374,10374
000000010373,10373
000000010372,10372
000000010371,10371
000000010370,10370
000000010369,10369
000000010368,10368
000000010367,10367
000000010366,10366
000000010365,10365
000000010364,10364
000000010363,10363
000000010362,10362
000000010361,10361
000000010360,10360
000000010359,10359
000000010358,10358
000000010357,10357
000000010356,10356
000000010355,10355
000000010354,10354
000000010353,10353
000000010352,10352
000000010351,10351
000000010350,10350
000000010349,10349
000000010348,10348
000000010347,10347
000000010346,10346
000000010345,10345
000000010344,10344
000000010343,10343
000000010342,10342
000000010341,10341
000000010340,10340
000000010339,10339
000000010338,10338
000000010337,10337
000000010336,10336
000000010335,10335
000000010334,10334
000000010333,10333
000000010332,10332
000000010331,10331
000000010330,10330
000000010329,10329
000000010328,10328
000000010327,10327
000000010326,10326
000000010325,10325
000000010324,10324
000000010323,10323
000000010322,10322
000000010321,10321
000000010320,10320
000000010319,10319
000000010318,10318
000000010317,10317
000000010316,10316
000000010315,10315
000000010314,10314
000000010313,10313
000000010312,10312
000000010311,10311
000000010310,10310
000000010309,10309
000000010308,10308
000000010307,10307
000000010306,10306
000000010305,10305
000000010304,10304
000000010303,10303
000000010302,10302
000000010301,10301
000000010300,10300
000000010299,10299
000000010298,10298
000000010297,10297
000000010296,10296
000000010295,10295
000000010294,10294
000000010293,10293
000000010292,10292
000000010291,10291
000000010290,10290
000000010289,10289
000000010288,10288
000000010287,10287
000000010286,10286
000000010285,10285
000000010284,10284
000000010283,10283
000000010282,10282
000000010281,10281
000000010280,10280
000000010279,10279
000000010278,10278
000000010277,10277
000000010276,10276
000000010275,10275
000000010274,10274
000000010273,10273
000000010272,10272
000000010271,10271
000000010270,10270
000000010269,10269
000000010268,10268
000000010267,10267
000000010266,10266
000000010265,10265
000000010264,10264
000000010263,10263
000000010262,10262
000000010261,10261
000000010260,10260
000000010259,10259
000000010258,10258
000000010257,10257
000000010256,10256
000000010255,10255
000000010254,10254
000000010253,10253
000000010252,10252
000000010251,10251
000000010250,10250
000000010249,10249
000000010248,10248
000000010247,10247
000000010246,10246
000000010245,10245
000000010244,10244
000000010243,10243
000000010242,10242
000000010241,10241
000000010240,10240
000000010239,10239
000000010238,10238
000000010237,10237
000000010236,10236
000000010235,10235
000000010234,10234
000000010233,10233
000000010232,10232
000000010231,10231
000000010230,10230
000000010229,10229
000000010228,10228
000000010227,10227
000000010226,10226
000000010225,10225
000000010224,10224
000000010223,10223
000000010222,10222
000000010221,10221
000000010220,10220
000000010219,10219
000000010218,10218
000000010217,10217
000000010216,10216
000000010215,10215
000000010214,10214
000000010213,10213
000000010212,10212
000000010211,10211
000000010210,10210
000000010209,10209
000000010208,10208
000000010207,10207
000000010206,10206
000000010205,10205
000000010204,10204
000000010203,10203
000000010202,10202
000000010201,10201
000000010200,10200
000000010199,10199
000000010198,10198
000000010197,10197
000000010196,10196
000000010195,10195
000000010194,10194
000000010193,10193
000000010192,10192
000000010191,10191
000000010190,10190
000000010189,10189
000000010188,10188
000000010187,10187
000000010186,10186
000000010185,10185
000000010184,10184
000000010183,10183
000000010182,10182
000000010181,10181
000000010180,10180
000000010179,10179
000000010178,10178
000000010177,10177
000000010176,10176
000000010175,10175
000000010174,10174
000000010173,10173
000000010172,10172
000000010171,10171
000000010170,10170
000000010169,10169
000000010168,10168
000000010167,10167
000000010166,10166
000000010165,10165
000000010164,10164
000000010163,10163
000000010162,10162
000000010161,10161
000000010160,10160
000000010159,10159
000000010158,10158
000000010157,10157
000000010156,10156
000000010155,10155
000000010154,10154
000000010153,10153
000000010152,10152
000000010151,10151
000000010150,10150
000000010149,10149
000000010148,10148
000000010147,10147
000000010146,10146
000000010145,10145
000000010144,10144
000000010143,10143
000000010142,10142
000000010141,10141
000000010140,10140
000000010139,10139
000000010138,10138
000000010137,10137
000000010136,10136
000000010135,10135
000000010134,10134
000000010133,10133
000000010132,10132
000000010131,10131
000000010130,10130
000000010129,10129
000000010128,10128
000000010127,10127
000000010126,10126
000000010125,10125
000000010124,10124
000000010123,10123
000000010122,10122
000000010121,10121
000000010120,10120
000000010119,10119
000000010118,10118
000000010117,10117
000000010116,10116
000000010115,10115
000000010114,10114
000000010113,10113
000000010112,10112
000000010111,10111
000000010110,10110
000000010109,10109
000000010108,10108
000000010107,10107
000000010106,10106
000000010105,10105
000000010104,10104
000000010103,10103
000000010102,10102
000000010101,10101
000000010100,10100
000000010099,10099
000000010098,10098
000000010097,10097
000000010096,10096
000000010095,10095
000000010094,10094
000000010093,10093
000000010092,10092
000000010091,10091
000000010090,10090
000000010089,10089
000000010088,10088
000000010087,10087
000000010086,10086
000000010085,10085
000000010084,10084
000000010083,10083
000000010082,10082
000000010081,10081
000000010080,10080
000000010079,10079
000000010078,10078
000000010077,10077
000000010076,10076
000000010075,10075
000000010074,10074
000000010073,10073
000000010072,10072
000000010071,10071
000000010070,10070
000000010069,10069
000000010068,10068
000000010067,10067
000000010066,10066
000000010065,10065
000000010064,10064
000000010063,10063
000000010062,10062
000000010061,10061
000000010060,10060
000000010059,10059
000000010058,10058
000000010057,10057
000000010056,10056
000000010055,10055
000000010054,10054
000000010053,10053
000000010052,10052
000000010051,10051
000000010050,10050
000000010049,10049
000000010048,10048
000000010047,10047
000000010046,10046
000000010045,10045
000000010044,10044
000000010043,10043
000000010042,10042
000000010041,10041
000000010040,10040
000000010039,10039
000000010038,10038
000000010037,10037
000000010036,10036
000000010035,10035
000000010034,10034
000000010033,10033
000000010032,10032
000000010031,10031
000000010030,10030
000000010029,10029
000000010028,10028
000000010027,10027
000000010026,10026
000000010025,10025
000000010024,10024
000000010023,10023
000000010022,10022
000000010021,10021
000000010020,10020
000000010019,10019
000000010018,10018
000000010017,10017
000000010016,10016
000000010015,10015
000000010014,10014
000000010013,10013
000000010012,10012
000000010011,10011
000000010010,10010
000000010009,10009
000000010008,10008
000000010007,10007
000000010006,10006
000000010005,10005
000000010004,10004
000000010003,10003
000000010002,10002
000000010001,10001
000000010000,10000
000000009999,09999
000000009998,09998
000000009997,09997
000000009996,09996
000000009995,09995
000000009994,09994
000000009993,09993
000000009992,09992
000000009991,09991
000000009990,09990
000000009989,09989
000000009988,09988
000000009987,09987
000000009986,09986
000000009985,09985
000000009984,09984
000000009983,09983
000000009982,09982
000000009981,09981
000000009980,09980
000000009979,09979
000000009978,09978
000000009977,09977
000000009976,09976
000000009975,09975
000000009974,09974
000000009973,09973
000000009972,09972
000000009971,09971
000000009970,09970
000000009969,09969
000000009968,09968
000000009967,09967
000000009966,09966
000000009965,09965
000000009964,09964
000000009963,09963
000000009962,09962
000000009961,09961
000000009960,09960
000000009959,09959
000000009958,09958
000000009957,09957
000000009956,09956
000000009955,09955
000000009954,09954
000000009953,09953
000000009952,09952
000000009951,09951
000000009950,09950
000000009949,09949
000000009948,09948
000000009947,09947
000000009946,09946
000000009945,09945
000000009944,09944
000000009943,09943
000000009942,09942
000000009941,09941
000000009940,09940
000000009939,09939
000000009938,09938
000000009937,09937
000000009936,09936
000000009935,09935
000000009934,09934
000000009933,09933
000000009932,09932
000000009931,09931
000000009930,09930
000000009929,09929
000000009928,09928
000000009927,09927
000000009926,09926
000000009925,09925
000000009924,09924
000000009923,09923
000000009922,09922
000000009921,09921
000000009920,09920
000000009919,09919
000000009918,09918
000000009917,09917
000000009916,09916
000000009915,09915
000000009914,09914
000000009913,09913
000000009912,09912
000000009911,09911
000000009910,09910
000000009909,09909
000000009908,09908
000000009907,09907
000000009906,09906
000000009905,09905
000000009904,09904
000000009903,09903
000000009902,09902
000000009901,09901
000000009900,09900
000000009899,09899
000000009898,09898
000000009897,09897
000000009896,09896
000000009895,09895
000000009894,09894
000000009893,09893
000000009892,09892
000000009891,09891
000000009890,09890
000000009889,09889
000000009888,09888
000000009887,09887
000000009886,09886
000000009885,09885
000000009884,09884
000000009883,09883
000000009882,09882
000000009881,09881
000000009880,09880
000000009879,09879
000000009878,09878
000000009877,09877
000000009876,09876
000000009875,09875
000000009874,09874
000000009873,09873
000000009872,09872
000000009871,09871
000000009870,09870
000000009869,09869
000000009868,09868
000000009867,09867
000000009866,09866
000000009865,09865
000000009864,09864
000000009863,09863
000000009862,09862
000000009861,09861
000000009860,09860
000000009859,09859
000000009858,09858
000000009857,09857
000000009856,09856
000000009855,09855
000000009854,09854
000000009853,09853
000000009852,09852
000000009851,09851
000000009850,09850
000000009849,09849
000000009848,09848
000000009847,09847
000000009846,09846
000000009845,09845
000000009844,09844
000000009843,09843
000000009842,09842
000000009841,09841
000000009840,09840
000000009839,09839
000000009838,09838
000000009837,09837
000000009836,09836
000000009835,09835
000000009834,09834
000000009833,09833
000000009832,09832
000000009831,09831
000000009830,09830
000000009829,09829
000000009828,09828
000000009827,09827
000000009826,09826
000000009825,09825
000000009824,09824
000000009823,09823
000000009822,09822
000000009821,09821
000000009820,09820
000000009819,09819
000000009818,09818
000000009817,09817
000000009816,09816
000000009815,09815
000000009814,09814
000000009813,09813
000000009812,09812
000000009811,09811
000000009810,09810
000000009809,09809
000000009808,09808
000000009807,09807
000000009806,09806
000000009805,09805
000000009804,09804
000000009803,09803
000000009802,09802
000000009801,09801
000000009800,09800
000000009799,09799
000000009798,09798
000000009797,09797
000000009796,09796
000000009795,09795
000000009794,09794
000000009793,09793
000000009792,09792
000000009791,09791
000000009790,09790
000000009789,09789
000000009788,09788
000000009787,09787
000000009786,09786
000000009785,09785
000000009784,09784
000000009783,09783
000000009782,09782
000000009781,09781
000000009780,09780
000000009779,09779
000000009778,09778
000000009777,09777
000000009776,09776
000000009775,09775
000000009774,09774
000000009773,09773
000000009772,09772
000000009771,09771
000000009770,09770
000000009769,09769
000000009768,09768
000000009767,09767
000000009766,09766
000000009765,09765
000000009764,09764
000000009763,09763
000000009762,09762
000000009761,09761
000000009760,09760
000000009759,09759
000000009758,09758
000000009757,09757
000000009756,09756
000000009755,09755
000000009754,09754
000000009753,09753
000000009752,09752
000000009751,09751
000000009750,09750
000000009749,09749
000000009748,09748
000000009747,09747
000000009746,09746
000000009745,09745
000000009744,09744
000000009743,09743
000000009742,09742
000000009741,09741
000000009740,09740
000000009739,09739
000000009738,09738
000000009737,09737
000000009736,09736
000000009735,09735
000000009734,09734
000000009733,09733
000000009732,09732
000000009731,09731
000000009730,09730
000000009729,09729
000000009728,09728
000000009727,09727
000000009726,09726
000000009725,09725
000000009724,09724
000000009723,09723
000000009722,09722
000000009721,09721
000000009720,09720
000000009719,09719
000000009718,09718
000000009717,09717
000000009716,09716
000000009715,09715
000000009714,09714
000000009713,09713
000000009712,09712
000000009711,09711
000000009710,09710
000000009709,09709
000000009708,09708
000000009707,09707
000000009706,09706
000000009705,09705
000000009704,09704
000000009703,09703
000000009702,09702
000000009701,09701
000000009700,09700
000000009699,09699
000000009698,09698
000000009697,09697
000000009696,09696
000000009695,09695
000000009694,09694
000000009693,09693
000000009692,09692
000000009691,09691
000000009690,09690
000000009689,09689
000000009688,09688
000000009687,09687
000000009686,09686
000000009685,09685
000000009684,09684
000000009683,09683
000000009682,09682
000000009681,09681
000000009680,09680
000000009679,09679
000000009678,09678
000000009677,09677
000000009676,09676
000000009675,09675
000000009674,09674
000000009673,09673
000000009672,09672
000000009671,09671
000000009670,09670
000000009669,09669
000000009668,09668
000000009667,09667
000000009666,09666
000000009665,09665
000000009664,09664
000000009663,09663
000000009662,09662
000000009661,09661
000000009660,09660
000000009659,09659
000000009658,09658
000000009657,09657
000000009656,09656
000000009655,09655
000000009654,09654
000000009653,09653
000000009652,09652
000000009651,09651
000000009650,09650
000000009649,09649
000000009648,09648
000000009647,09647
000000009646,09646
000000009645,09645
000000009644,09644
000000009643,09643
000000009642,09642
000000009641,09641
000000009640,09640
000000009639,09639
000000009638,09638
000000009637,09637
000000009636,09636
000000009635,09635
000000009634,09634
000000009633,09633
000000009632,09632
000000009631,09631
000000009630,09630
000000009629,09629
000000009628,09628
000000009627,09627
000000009626,09626
000000009625,09625
000000009624,09624
000000009623,09623
000000009622,09622
000000009621,09621
000000009620,09620
000000009619,09619
000000009618,09618
000000009617,09617
000000009616,09616
000000009615,09615
000000009614,09614
000000009613,09613
000000009612,09612
000000009611,09611
000000009610,09610
000000009609,09609
000000009608,09608
000000009607,09607
000000009606,09606
000000009605,09605
000000009604,09604
000000009603,09603
000000009602,09602
000000009601,09601
000000009600,09600
000000009599,09599
000000009598,09598
000000009597,09597
000000009596,09596
000000009595,09595
000000009594,09594
000000009593,09593
000000009592,09592
000000009591,09591
000000009590,09590
000000009589,09589
000000009588,09588
000000009587,09587
000000009586,09586
000000009585,09585
000000009584,09584
000000009583,09583
000000009582,09582
000000009581,09581
000000009580,09580
000000009579,09579
000000009578,09578
000000009577,09577
000000009576,09576
000000009575,09575
000000009574,09574
000000009573,09573
000000009572,09572
000000009571,09571
000000009570,09570
000000009569,09569
000000009568,09568
000000009567,09567
000000009566,09566
000000009565,09565
000000009564,09564
000000009563,09563
000000009562,09562
000000009561,09561
000000009560,09560
000000009559,09559
000000009558,09558
000000009557,09557
000000009556,09556
000000009555,09555
000000009554,09554
000000009553,09553
000000009552,09552
000000009551,09551
000000009550,09550
000000009549,09549
000000009548,09548
000000009547,09547
000000009546,09546
000000009545,09545
000000009544,09544
000000009543,09543
000000009542,09542
000000009541,09541
000000009540,09540
000000009539,09539
000000009538,09538
000000009537,09537
000000009536,09536
000000009535,09535
000000009534,09534
000000009533,09533
000000009532,09532
000000009531,09531
000000009530,09530
000000009529,09529
000000009528,09528
000000009527,09527
000000009526,09526
000000009525,09525
000000009524,09524
000000009523,09523
000000009522,09522
000000009521,09521
000000009520,09520
000000009519,09519
000000009518,09518
000000009517,09517
000000009516,09516
000000009515,09515
000000009514,09514
000000009513,09513
000000009512,09512
000000009511,09511
000000009510,09510
000000009509,09509
000000009508,09508
000000009507,09507
000000009506,09506
000000009505,09505
000000009504,09504
000000009503,09503
000000009502,09502
000000009501,09501
000000009500,09500
000000009499,09499
000000009498,09498
000000009497,09497
000000009496,09496
000000009495,09495
000000009494,09494
000000009493,09493
000000009492,09492
000000009491,09491
000000009490,09490
000000009489,09489
000000009488,09488
000000009487,09487
000000009486,09486
000000009485,09485
000000009484,09484
000000009483,09483
000000009482,09482
000000009481,09481
000000009480,09480
000000009479,09479
000000009478,09478
000000009477,09477
000000009476,09476
000000009475,09475
000000009474,09474
000000009473,09473
000000009472,09472
000000009471,09471
000000009470,09470
000000009469,09469
000000009468,09468
000000009467,09467
000000009466,09466
000000009465,09465
000000009464,09464
000000009463,09463
000000009462,09462
000000009461,09461
000000009460,09460
000000009459,09459
000000009458,09458
000000009457,09457
000000009456,09456
000000009455,09455
000000009454,09454
000000009453,09453
000000009452,09452
000000009451,09451
000000009450,09450
000000009449,09449
000000009448,09448
000000009447,09447
000000009446,09446
000000009445,09445
000000009444,09444
000000009443,09443
000000009442,09442
000000009441,09441
000000009440,09440
000000009439,09439
000000009438,09438
000000009437,09437
000000009436,09436
000000009435,09435
000000009434,09434
000000009433,09433
000000009432,09432
000000009431,09431
000000009430,09430
000000009429,09429
000000009428,09428
000000009427,09427
000000009426,09426
000000009425,09425
000000009424,09424
000000009423,09423
000000009422,09422
000000009421,09421
000000009420,09420
000000009419,09419
000000009418,09418
000000009417,09417
000000009416,09416
000000009415,09415
000000009414,09414
000000009413,09413
000000009412,09412
000000009411,09411
000000009410,09410
000000009409,09409
000000009408,09408
000000009407,09407
000000009406,09406
000000009405,09405
000000009404,09404
000000009403,09403
000000009402,09402
000000009401,09401
000000009400,09400
000000009399,09399
000000009398,09398
000000009397,09397
000000009396,09396
000000009395,09395
000000009394,09394
000000009393,09393
000000009392,09392
000000009391,09391
000000009390,09390
000000009389,09389
000000009388,09388
000000009387,09387
000000009386,09386
000000009385,09385
000000009384,09384
000000009383,09383
000000009382,09382
000000009381,09381
000000009380,09380
000000009379,09379
000000009378,09378
000000009377,09377
000000009376,09376
000000009375,09375
000000009374,09374
000000009373,09373
000000009372,09372
000000009371,09371
000000009370,09370
000000009369,09369
000000009368,09368
000000009367,09367
000000009366,09366
000000009365,09365
000000009364,09364
000000009363,09363
000000009362,09362
000000009361,09361
000000009360,09360
000000009359,09359
000000009358,09358
000000009357,09357
000000009356,09356
000000009355,09355
000000009354,09354
000000009353,09353
000000009352,09352
000000009351,09351
000000009350,09350
000000009349,09349
000000009348,09348
000000009347,09347
000000009346,09346
000000009345,09345
000000009344,09344
000000009343,09343
000000009342,09342
000000009341,09341
000000009340,09340
000000009339,09339
000000009338,09338
000000009337,09337
000000009336,09336
000000009335,09335
000000009334,09334
000000009333,09333
000000009332,09332
000000009331,09331
000000009330,09330
000000009329,09329
000000009328,09328
000000009327,09327
000000009326,09326
000000009325,09325
000000009324,09324
000000009323,09323
000000009322,09322
000000009321,09321
000000009320,09320
000000009319,09319
000000009318,09318
000000009317,09317
000000009316,09316
000000009315,09315
000000009314,09314
000000009313,09313
000000009312,09312
000000009311,09311
000000009310,09310
000000009309,09309
000000009308,09308
000000009307,09307
000000009306,09306
000000009305,09305
000000009304,09304
000000009303,09303
000000009302,09302
000000009301,09301
000000009300,09300
000000009299,09299
000000009298,09298
000000009297,09297
000000009296,09296
000000009295,09295
000000009294,09294
000000009293,09293
000000009292,09292
000000009291,09291
000000009290,09290
000000009289,09289
000000009288,09288
000000009287,09287
000000009286,09286
000000009285,09285
000000009284,09284
000000009283,09283
000000009282,09282
000000009281,09281
000000009280,09280
000000009279,09279
000000009278,09278
000000009277,09277
000000009276,09276
000000009275,09275
000000009274,09274
000000009273,09273
000000009272,09272
000000009271,09271
000000009270,09270
000000009269,09269
000000009268,09268
000000009267,09267
000000009266,09266
000000009265,09265
000000009264,09264
000000009263,09263
000000009262,09262
000000009261,09261
000000009260,09260
000000009259,09259
000000009258,09258
000000009257,09257
000000009256,09256
000000009255,09255
000000009254,09254
000000009253,09253
000000009252,09252
000000009251,09251
000000009250,09250
000000009249,09249
000000009248,09248
000000009247,09247
000000009246,09246
000000009245,09245
000000009244,09244
000000009243,09243
000000009242,09242
000000009241,09241
000000009240,09240
000000009239,09239
000000009238,09238
000000009237,09237
000000009236,09236
000000009235,09235
000000009234,09234
000000009233,09233
000000009232,09232
000000009231,09231
000000009230,09230
000000009229,09229
000000009228,09228
000000009227,09227
000000009226,09226
000000009225,09225
000000009224,09224
000000009223,09223
000000009222,09222
000000009221,09221
000000009220,09220
000000009219,09219
000000009218,09218
000000009217,09217
000000009216,09216
000000009215,09215
000000009214,09214
000000009213,09213
000000009212,09212
000000009211,09211
000000009210,09210
000000009209,09209
000000009208,09208
000000009207,09207
000000009206,09206
000000009205,09205
000000009204,09204
000000009203,09203
000000009202,09202
000000009201,09201
000000009200,09200
000000009199,09199
000000009198,09198
000000009197,09197
000000009196,09196
000000009195,09195
000000009194,09194
000000009193,09193
000000009192,09192
000000009191,09191
000000009190,09190
000000009189,09189
000000009188,09188
000000009187,09187
000000009186,09186
000000009185,09185
000000009184,09184
000000009183,09183
000000009182,09182
000000009181,09181
000000009180,09180
000000009179,09179
000000009178,09178
000000009177,09177
000000009176,09176
000000009175,09175
000000009174,09174
000000009173,09173
000000009172,09172
000000009171,09171
000000009170,09170
000000009169,09169
000000009168,09168
000000009167,09167
000000009166,09166
000000009165,09165
000000009164,09164
000000009163,09163
000000009162,09162
000000009161,09161
000000009160,09160
000000009159,09159
000000009158,09158
000000009157,09157
000000009156,09156
000000009155,09155
000000009154,09154
000000009153,09153
000000009152,09152
000000009151,09151
000000009150,09150
000000009149,09149
000000009148,09148
000000009147,09147
000000009146,09146
000000009145,09145
000000009144,09144
000000009143,09143
000000009142,09142
000000009141,09141
000000009140,09140
000000009139,09139
000000009138,09138
000000009137,09137
000000009136,09136
000000009135,09135
000000009134,09134
000000009133,09133
000000009132,09132
000000009131,09131
000000009130,09130
000000009129,09129
000000009128,09128
000000009127,09127
000000009126,09126
000000009125,09125
000000009124,09124
000000009123,09123
000000009122,09122
000000009121,09121
000000009120,09120
000000009119,09119
000000009118,09118
000000009117,09117
000000009116,09116
000000009115,09115
000000009114,09114
000000009113,09113
000000009112,09112
000000009111,09111
000000009110,09110
000000009109,09109
000000009108,09108
000000009107,09107
000000009106,09106
000000009105,09105
000000009104,09104
000000009103,09103
000000009102,09102
000000009101,09101
000000009100,09100
000000009099,09099
000000009098,09098
000000009097,09097
000000009096,09096
000000009095,09095
000000009094,09094
000000009093,09093
000000009092,09092
000000009091,09091
000000009090,09090
000000009089,09089
000000009088,09088
000000009087,09087
000000009086,09086
000000009085,09085
000000009084,09084
000000009083,09083
000000009082,09082
000000009081,09081
000000009080,09080
000000009079,09079
000000009078,09078
000000009077,09077
000000009076,09076
000000009075,09075
000000009074,09074
000000009073,09073
000000009072,09072
000000009071,09071
000000009070,09070
000000009069,09069
000000009068,09068
000000009067,09067
000000009066,09066
000000009065,09065
000000009064,09064
000000009063,09063
000000009062,09062
000000009061,09061
000000009060,09060
000000009059,09059
000000009058,09058
000000009057,09057
000000009056,09056
000000009055,09055
000000009054,09054
000000009053,09053
000000009052,09052
000000009051,09051
000000009050,09050
000000009049,09049
000000009048,09048
000000009047,09047
000000009046,09046
000000009045,09045
000000009044,09044
000000009043,09043
000000009042,09042
000000009041,09041
000000009040,09040
000000009039,09039
000000009038,09038
000000009037,09037
000000009036,09036
000000009035,09035
000000009034,09034
000000009033,09033
000000009032,09032
000000009031,09031
000000009030,09030
000000009029,09029
000000009028,09028
000000009027,09027
000000009026,09026
000000009025,09025
000000009024,09024
000000009023,09023
000000009022,09022
000000009021,09021
000000009020,09020
000000009019,09019
000000009018,09018
000000009017,09017
000000009016,09016
000000009015,09015
000000009014,09014
000000009013,09013
000000009012,09012
000000009011,09011
000000009010,09010
000000009009,09009
000000009008,09008
000000009007,09007
000000009006,09006
000000009005,09005
000000009004,09004
000000009003,09003
000000009002,09002
000000009001,09001
000000009000,09000
000000008999,08999
000000008998,08998
000000008997,08997
000000008996,08996
000000008995,08995
000000008994,08994
000000008993,08993
000000008992,08992
000000008991,08991
000000008990,08990
000000008989,08989
000000008988,08988
000000008987,08987
000000008986,08986
000000008985,08985
000000008984,08984
000000008983,08983
000000008982,08982
000000008981,08981
000000008980,08980
000000008979,08979
000000008978,08978
000000008977,08977
000000008976,08976
000000008975,08975
000000008974,08974
000000008973,08973
000000008972,08972
000000008971,08971
000000008970,08970
000000008969,08969
000000008968,08968
000000008967,08967
000000008966,08966
000000008965,08965
000000008964,08964
000000008963,08963
000000008962,08962
000000008961,08961
000000008960,08960
000000008959,08959
000000008958,08958
000000008957,08957
000000008956,08956
000000008955,08955
000000008954,08954
000000008953,08953
000000008952,08952
000000008951,08951
000000008950,08950
000000008949,08949
000000008948,08948
000000008947,08947
000000008946,08946
000000008945,08945
000000008944,08944
000000008943,08943
000000008942,08942
000000008941,08941
000000008940,08940
000000008939,08939
000000008938,08938
000000008937,08937
000000008936,08936
000000008935,08935
000000008934,08934
000000008933,08933
000000008932,08932
000000008931,08931
000000008930,08930
000000008929,08929
000000008928,08928
000000008927,08927
000000008926,08926
000000008925,08925
000000008924,08924
000000008923,08923
000000008922,08922
000000008921,08921
000000008920,08920
000000008919,08919
000000008918,08918
000000008917,08917
000000008916,08916
000000008915,08915
000000008914,08914
000000008913,08913
000000008912,08912
000000008911,08911
000000008910,08910
000000008909,08909
000000008908,08908
000000008907,08907
000000008906,08906
000000008905,08905
000000008904,08904
000000008903,08903
000000008902,08902
000000008901,08901
000000008900,08900
000000008899,08899
000000008898,08898
000000008897,08897
000000008896,08896
000000008895,08895
000000008894,08894
000000008893,08893
000000008892,08892
000000008891,08891
000000008890,08890
000000008889,08889
000000008888,08888
000000008887,08887
000000008886,08886
000000008885,08885
000000008884,08884
000000008883,08883
000000008882,08882
000000008881,08881
000000008880,08880
000000008879,08879
000000008878,08878
000000008877,08877
000000008876,08876
000000008875,08875
000000008874,08874
000000008873,08873
000000008872,08872
000000008871,08871
000000008870,08870
000000008869,08869
000000008868,08868
000000008867,08867
000000008866,08866
000000008865,08865
000000008864,08864
000000008863,08863
000000008862,08862
000000008861,08861
000000008860,08860
000000008859,08859
000000008858,08858
000000008857,08857
000000008856,08856
000000008855,08855
000000008854,08854
000000008853,08853
000000008852,08852
000000008851,08851
000000008850,08850
000000008849,08849
000000008848,08848
000000008847,08847
000000008846,08846
000000008845,08845
000000008844,08844
000000008843,08843
000000008842,08842
000000008841,08841
000000008840,08840
000000008839,08839
000000008838,08838
000000008837,08837
000000008836,08836
000000008835,08835
000000008834,08834
000000008833,08833
000000008832,08832
000000008831,08831
000000008830,08830
000000008829,08829
000000008828,08828
000000008827,08827
000000008826,08826
000000008825,08825
000000008824,08824
000000008823,08823
000000008822,08822
000000008821,08821
000000008820,08820
000000008819,08819
000000008818,08818
000000008817,08817
000000008816,08816
000000008815,08815
000000008814,08814
000000008813,08813
000000008812,08812
000000008811,08811
000000008810,08810
000000008809,08809
000000008808,08808
000000008807,08807
000000008806,08806
000000008805,08805
000000008804,08804
000000008803,08803
000000008802,08802
000000008801,08801
000000008800,08800
000000008799,08799
000000008798,08798
000000008797,08797
000000008796,08796
000000008795,08795
000000008794,08794
000000008793,08793
000000008792,08792
000000008791,08791
000000008790,08790
000000008789,08789
000000008788,08788
000000008787,08787
000000008786,08786
000000008785,08785
000000008784,08784
000000008783,08783
000000008782,08782
000000008781,08781
000000008780,08780
000000008779,08779
000000008778,08778
000000008777,08777
000000008776,08776
000000008775,08775
000000008774,08774
000000008773,08773
000000008772,08772
000000008771,08771
000000008770,08770
000000008769,08769
000000008768,08768
000000008767,08767
000000008766,08766
000000008765,08765
000000008764,08764
000000008763,08763
000000008762,08762
000000008761,08761
000000008760,08760
000000008759,08759
000000008758,08758
000000008757,08757
000000008756,08756
000000008755,08755
000000008754,08754
000000008753,08753
000000008752,08752
000000008751,08751
000000008750,08750
000000008749,08749
000000008748,08748
000000008747,08747
000000008746,08746
000000008745,08745
000000008744,08744
000000008743,08743
000000008742,08742
000000008741,08741
000000008740,08740
000000008739,08739
000000008738,08738
000000008737,08737
000000008736,08736
000000008735,08735
000000008734,08734
000000008733,08733
000000008732,08732
000000008731,08731
000000008730,08730
000000008729,08729
000000008728,08728
000000008727,08727
000000008726,08726
000000008725,08725
000000008724,08724
000000008723,08723
000000008722,08722
000000008721,08721
000000008720,08720
000000008719,08719
000000008718,08718
000000008717,08717
000000008716,08716
000000008715,08715
000000008714,08714
000000008713,08713
000000008712,08712
000000008711,08711
000000008710,08710
000000008709,08709
000000008708,08708
000000008707,08707
000000008706,08706
000000008705,08705
000000008704,08704
000000008703,08703
000000008702,08702
000000008701,08701
000000008700,08700
000000008699,08699
000000008698,08698
000000008697,08697
000000008696,08696
000000008695,08695
000000008694,08694
000000008693,08693
000000008692,08692
000000008691,08691
000000008690,08690
000000008689,08689
000000008688,08688
000000008687,08687
000000008686,08686
000000008685,08685
000000008684,08684
000000008683,08683
000000008682,08682
000000008681,08681
000000008680,08680
000000008679,08679
000000008678,08678
000000008677,08677
000000008676,08676
000000008675,08675
000000008674,08674
000000008673,08673
000000008672,08672
000000008671,08671
000000008670,08670
000000008669,08669
000000008668,08668
000000008667,08667
000000008666,08666
000000008665,08665
000000008664,08664
000000008663,08663
000000008662,08662
000000008661,08661
000000008660,08660
000000008659,08659
000000008658,08658
000000008657,08657
000000008656,08656
000000008655,08655
000000008654,08654
000000008653,08653
000000008652,08652
000000008651,08651
000000008650,08650
000000008649,08649
000000008648,08648
000000008647,08647
000000008646,08646
000000008645,08645
000000008644,08644
000000008643,08643
000000008642,08642
000000008641,08641
000000008640,08640
000000008639,08639
000000008638,08638
000000008637,08637
000000008636,08636
000000008635,08635
000000008634,08634
000000008633,08633
000000008632,08632
000000008631,08631
000000008630,08630
000000008629,08629
000000008628,08628
000000008627,08627
000000008626,08626
000000008625,08625
000000008624,08624
000000008623,08623
000000008622,08622
000000008621,08621
000000008620,08620
000000008619,08619
000000008618,08618
000000008617,08617
000000008616,08616
000000008615,08615
000000008614,08614
000000008613,08613
000000008612,08612
000000008611,08611
000000008610,08610
000000008609,08609
000000008608,08608
000000008607,08607
000000008606,08606
000000008605,08605
000000008604,08604
000000008603,08603
000000008602,08602
000000008601,08601
000000008600,08600
000000008599,08599
000000008598,08598
000000008597,08597
000000008596,08596
000000008595,08595
000000008594,08594
000000008593,08593
000000008592,08592
000000008591,08591
000000008590,08590
000000008589,08589
000000008588,08588
000000008587,08587
000000008586,08586
000000008585,08585
000000008584,08584
000000008583,08583
000000008582,08582
000000008581,08581
000000008580,08580
000000008579,08579
000000008578,08578
000000008577,08577
000000008576,08576
000000008575,08575
000000008574,08574
000000008573,08573
000000008572,08572
000000008571,08571
000000008570,08570
000000008569,08569
000000008568,08568
000000008567,08567
000000008566,08566
000000008565,08565
000000008564,08564
000000008563,08563
000000008562,08562
000000008561,08561
000000008560,08560
000000008559,08559
000000008558,08558
000000008557,08557
000000008556,08556
000000008555,08555
000000008554,08554
000000008553,08553
000000008552,08552
000000008551,08551
000000008550,08550
000000008549,08549
000000008548,08548
000000008547,08547
000000008546,08546
000000008545,08545
000000008544,08544
000000008543,08543
000000008542,08542
000000008541,08541
000000008540,08540
000000008539,08539
000000008538,08538
000000008537,08537
000000008536,08536
000000008535,08535
000000008534,08534
000000008533,08533
000000008532,08532
000000008531,08531
000000008530,08530
000000008529,08529
000000008528,08528
000000008527,08527
000000008526,08526
000000008525,08525
000000008524,08524
000000008523,08523
000000008522,08522
000000008521,08521
000000008520,08520
000000008519,08519
000000008518,08518
000000008517,08517
000000008516,08516
000000008515,08515
000000008514,08514
000000008513,08513
000000008512,08512
000000008511,08511
000000008510,08510
000000008509,08509
000000008508,08508
000000008507,08507
000000008506,08506
000000008505,08505
000000008504,08504
000000008503,08503
000000008502,08502
000000008501,08501
000000008500,08500
000000008499,08499
000000008498,08498
000000008497,08497
000000008496,08496
000000008495,08495
000000008494,08494
000000008493,08493
000000008492,08492
000000008491,08491
000000008490,08490
000000008489,08489
000000008488,08488
000000008487,08487
000000008486,08486
000000008485,08485
000000008484,08484
000000008483,08483
000000008482,08482
000000008481,08481
000000008480,08480
000000008479,08479
000000008478,08478
000000008477,08477
000000008476,08476
000000008475,08475
000000008474,08474
000000008473,08473
000000008472,08472
000000008471,08471
000000008470,08470
000000008469,08469
000000008468,08468
000000008467,08467
000000008466,08466
000000008465,08465
000000008464,08464
000000008463,08463
000000008462,08462
000000008461,08461
000000008460,08460
000000008459,08459
000000008458,08458
000000008457,08457
000000008456,08456
000000008455,08455
000000008454,08454
000000008453,08453
000000008452,08452
000000008451,08451
000000008450,08450
000000008449,08449
000000008448,08448
000000008447,08447
000000008446,08446
000000008445,08445
000000008444,08444
000000008443,08443
000000008442,08442
000000008441,08441
000000008440,08440
000000008439,08439
000000008438,08438
000000008437,08437
000000008436,08436
000000008435,08435
000000008434,08434
000000008433,08433
000000008432,08432
000000008431,08431
000000008430,08430
000000008429,08429
000000008428,08428
000000008427,08427
000000008426,08426
000000008425,08425
000000008424,08424
000000008423,08423
000000008422,08422
000000008421,08421
000000008420,08420
000000008419,08419
000000008418,08418
000000008417,08417
000000008416,08416
000000008415,08415
000000008414,08414
000000008413,08413
000000008412,08412
000000008411,08411
000000008410,08410
000000008409,08409
000000008408,08408
000000008407,08407
000000008406,08406
000000008405,08405
000000008404,08404
000000008403,08403
000000008402,08402
000000008401,08401
000000008400,08400
000000008399,08399
000000008398,08398
000000008397,08397
000000008396,08396
000000008395,08395
000000008394,08394
000000008393,08393
000000008392,08392
000000008391,08391
000000008390,08390
000000008389,08389
000000008388,08388
000000008387,08387
000000008386,08386
000000008385,08385
000000008384,08384
000000008383,08383
000000008382,08382
000000008381,08381
000000008380,08380
000000008379,08379
000000008378,08378
000000008377,08377
000000008376,08376
000000008375,08375
000000008374,08374
000000008373,08373
000000008372,08372
000000008371,08371
000000008370,08370
000000008369,08369
000000008368,08368
000000008367,08367
000000008366,08366
000000008365,08365
000000008364,08364
000000008363,08363
000000008362,08362
000000008361,08361
000000008360,08360
000000008359,08359
000000008358,08358
000000008357,08357
000000008356,08356
000000008355,08355
000000008354,08354
000000008353,08353
000000008352,08352
000000008351,08351
000000008350,08350
000000008349,08349
000000008348,08348
000000008347,08347
000000008346,08346
000000008345,08345
000000008344,08344
000000008343,08343
000000008342,08342
000000008341,08341
000000008340,08340
000000008339,08339
000000008338,08338
000000008337,08337
000000008336,08336
000000008335,08335
000000008334,08334
000000008333,08333
000000008332,08332
000000008331,08331
000000008330,08330
000000008329,08329
000000008328,08328
000000008327,08327
000000008326,08326
000000008325,08325
000000008324,08324
000000008323,08323
000000008322,08322
000000008321,08321
000000008320,08320
000000008319,08319
000000008318,08318
000000008317,08317
000000008316,08316
000000008315,08315
000000008314,08314
000000008313,08313
000000008312,08312
000000008311,08311
000000008310,08310
000000008309,08309
000000008308,08308
000000008307,08307
000000008306,08306
000000008305,08305
000000008304,08304
000000008303,08303
000000008302,08302
000000008301,08301
000000008300,08300
000000008299,08299
000000008298,08298
000000008297,08297
000000008296,08296
000000008295,08295
000000008294,08294
000000008293,08293
000000008292,08292
000000008291,08291
000000008290,08290
000000008289,08289
000000008288,08288
000000008287,08287
000000008286,08286
000000008285,08285
000000008284,08284
000000008283,08283
000000008282,08282
000000008281,08281
000000008280,08280
000000008279,08279
000000008278,08278
000000008277,08277
000000008276,08276
000000008275,08275
000000008274,08274
000000008273,08273
000000008272,08272
000000008271,08271
000000008270,08270
000000008269,08269
000000008268,08268
000000008267,08267
000000008266,08266
000000008265,08265
000000008264,08264
000000008263,08263
000000008262,08262
000000008261,08261
000000008260,08260
000000008259,08259
000000008258,08258
000000008257,08257
000000008256,08256
000000008255,08255
000000008254,08254
000000008253,08253
000000008252,08252
000000008251,08251
000000008250,08250
000000008249,08249
000000008248,08248
000000008247,08247
000000008246,08246
000000008245,08245
000000008244,08244
000000008243,08243
000000008242,08242
000000008241,08241
000000008240,08240
000000008239,08239
000000008238,08238
000000008237,08237
000000008236,08236
000000008235,08235
000000008234,08234
000000008233,08233
000000008232,08232
000000008231,08231
000000008230,08230
000000008229,08229
000000008228,08228
000000008227,08227
000000008226,08226
000000008225,08225
000000008224,08224
000000008223,08223
000000008222,08222
000000008221,08221
000000008220,08220
000000008219,08219
000000008218,08218
000000008217,08217
000000008216,08216
000000008215,08215
000000008214,08214
000000008213,08213
000000008212,08212
000000008211,08211
000000008210,08210
000000008209,08209
000000008208,08208
000000008207,08207
000000008206,08206
000000008205,08205
000000008204,08204
000000008203,08203
000000008202,08202
000000008201,08201
000000008200,08200
000000008199,08199
000000008198,08198
000000008197,08197
000000008196,08196
000000008195,08195
000000008194,08194
000000008193,08193
000000008192,08192
000000008191,08191
000000008190,08190
000000008189,08189
000000008188,08188
000000008187,08187
000000008186,08186
000000008185,08185
000000008184,08184
000000008183,08183
000000008182,08182
000000008181,08181
000000008180,08180
000000008179,08179
000000008178,08178
000000008177,08177
000000008176,08176
000000008175,08175
000000008174,08174
000000008173,08173
000000008172,08172
000000008171,08171
000000008170,08170
000000008169,08169
000000008168,08168
000000008167,08167
000000008166,08166
000000008165,08165
000000008164,08164
000000008163,08163
000000008162,08162
000000008161,08161
000000008160,08160
000000008159,08159
000000008158,08158
000000008157,08157
000000008156,08156
000000008155,08155
000000008154,08154
000000008153,08153
000000008152,08152
000000008151,08151
000000008150,08150
000000008149,08149
000000008148,08148
000000008147,08147
000000008146,08146
000000008145,08145
000000008144,08144
000000008143,08143
000000008142,08142
000000008141,08141
000000008140,08140
000000008139,08139
000000008138,08138
000000008137,08137
000000008136,08136
000000008135,08135
000000008134,08134
000000008133,08133
000000008132,08132
000000008131,08131
000000008130,08130
000000008129,08129
000000008128,08128
000000008127,08127
000000008126,08126
000000008125,08125
000000008124,08124
000000008123,08123
000000008122,08122
000000008121,08121
000000008120,08120
000000008119,08119
000000008118,08118
000000008117,08117
000000008116,08116
000000008115,08115
000000008114,08114
000000008113,08113
000000008112,08112
000000008111,08111
000000008110,08110
000000008109,08109
000000008108,08108
000000008107,08107
000000008106,08106
000000008105,08105
000000008104,08104
000000008103,08103
000000008102,08102
000000008101,08101
000000008100,08100
000000008099,08099
000000008098,08098
000000008097,08097
000000008096,08096
000000008095,08095
000000008094,08094
000000008093,08093
000000008092,08092
000000008091,08091
000000008090,08090
000000008089,08089
000000008088,08088
000000008087,08087
000000008086,08086
000000008085,08085
000000008084,08084
000000008083,08083
000000008082,08082
000000008081,08081
000000008080,08080
000000008079,08079
000000008078,08078
000000008077,08077
000000008076,08076
000000008075,08075
000000008074,08074
000000008073,08073
000000008072,08072
000000008071,08071
000000008070,08070
000000008069,08069
000000008068,08068
000000008067,08067
000000008066,08066
000000008065,08065
000000008064,08064
000000008063,08063
000000008062,08062
000000008061,08061
000000008060,08060
000000008059,08059
000000008058,08058
000000008057,08057
000000008056,08056
000000008055,08055
000000008054,08054
000000008053,08053
000000008052,08052
000000008051,08051
000000008050,08050
000000008049,08049
000000008048,08048
000000008047,08047
000000008046,08046
000000008045,08045
000000008044,08044
000000008043,08043
000000008042,08042
000000008041,08041
000000008040,08040
000000008039,08039
000000008038,08038
000000008037,08037
000000008036,08036
000000008035,08035
000000008034,08034
000000008033,08033
000000008032,08032
000000008031,08031
000000008030,08030
000000008029,08029
000000008028,08028
000000008027,08027
000000008026,08026
000000008025,08025
000000008024,08024
000000008023,08023
000000008022,08022
000000008021,08021
000000008020,08020
000000008019,08019
000000008018,08018
000000008017,08017
000000008016,08016
000000008015,08015
000000008014,08014
000000008013,08013
000000008012,08012
000000008011,08011
000000008010,08010
000000008009,08009
000000008008,08008
000000008007,08007
000000008006,08006
000000008005,08005
000000008004,08004
000000008003,08003
000000008002,08002
000000008001,08001
000000008000,08000
000000007999,07999
000000007998,07998
000000007997,07997
000000007996,07996
000000007995,07995
000000007994,07994
000000007993,07993
000000007992,07992
000000007991,07991
000000007990,07990
000000007989,07989
000000007988,07988
000000007987,07987
000000007986,07986
000000007985,07985
000000007984,07984
000000007983,07983
000000007982,07982
000000007981,07981
000000007980,07980
000000007979,07979
000000007978,07978
000000007977,07977
000000007976,07976
000000007975,07975
000000007974,07974
000000007973,07973
000000007972,07972
000000007971,07971
000000007970,07970
000000007969,07969
000000007968,07968
000000007967,07967
000000007966,07966
000000007965,07965
000000007964,07964
000000007963,07963
000000007962,07962
000000007961,07961
000000007960,07960
000000007959,07959
000000007958,07958
000000007957,07957
000000007956,07956
000000007955,07955
000000007954,07954
000000007953,07953
000000007952,07952
000000007951,07951
000000007950,07950
000000007949,07949
000000007948,07948
000000007947,07947
000000007946,07946
000000007945,07945
000000007944,07944
000000007943,07943
000000007942,07942
000000007941,07941
000000007940,07940
000000007939,07939
000000007938,07938
000000007937,07937
000000007936,07936
000000007935,07935
000000007934,07934
000000007933,07933
000000007932,07932
000000007931,07931
000000007930,07930
000000007929,07929
000000007928,07928
000000007927,07927
000000007926,07926
000000007925,07925
000000007924,07924
000000007923,07923
000000007922,07922
000000007921,07921
000000007920,07920
000000007919,07919
000000007918,07918
000000007917,07917
000000007916,07916
000000007915,07915
000000007914,07914
000000007913,07913
000000007912,07912
000000007911,07911
000000007910,07910
000000007909,07909
000000007908,07908
000000007907,07907
000000007906,07906
000000007905,07905
000000007904,07904
000000007903,07903
000000007902,07902
000000007901,07901
000000007900,07900
000000007899,07899
000000007898,07898
000000007897,07897
000000007896,07896
000000007895,07895
000000007894,07894
000000007893,07893
000000007892,07892
000000007891,07891
000000007890,07890
000000007889,07889
000000007888,07888
000000007887,07887
000000007886,07886
000000007885,07885
000000007884,07884
000000007883,07883
000000007882,07882
000000007881,07881
000000007880,07880
000000007879,07879
000000007878,07878
000000007877,07877
000000007876,07876
000000007875,07875
000000007874,07874
000000007873,07873
000000007872,07872
000000007871,07871
000000007870,07870
000000007869,07869
000000007868,07868
000000007867,07867
000000007866,07866
000000007865,07865
000000007864,07864
000000007863,07863
000000007862,07862
000000007861,07861
000000007860,07860
000000007859,07859
000000007858,07858
000000007857,07857
000000007856,07856
000000007855,07855
000000007854,07854
000000007853,07853
000000007852,07852
000000007851,07851
000000007850,07850
000000007849,07849
000000007848,07848
000000007847,07847
000000007846,07846
000000007845,07845
000000007844,07844
000000007843,07843
000000007842,07842
000000007841,07841
000000007840,07840
000000007839,07839
000000007838,07838
000000007837,07837
000000007836,07836
000000007835,07835
000000007834,07834
000000007833,07833
000000007832,07832
000000007831,07831
000000007830,07830
000000007829,07829
000000007828,07828
000000007827,07827
000000007826,07826
000000007825,07825
000000007824,07824
000000007823,07823
000000007822,07822
000000007821,07821
000000007820,07820
000000007819,07819
000000007818,07818
000000007817,07817
000000007816,07816
000000007815,07815
000000007814,07814
000000007813,07813
000000007812,07812
000000007811,07811
000000007810,07810
000000007809,07809
000000007808,07808
000000007807,07807
000000007806,07806
000000007805,07805
000000007804,07804
000000007803,07803
000000007802,07802
000000007801,07801
000000007800,07800
000000007799,07799
000000007798,07798
000000007797,07797
000000007796,07796
000000007795,07795
000000007794,07794
000000007793,07793
000000007792,07792
000000007791,07791
000000007790,07790
000000007789,07789
000000007788,07788
000000007787,07787
000000007786,07786
000000007785,07785
000000007784,07784
000000007783,07783
000000007782,07782
000000007781,07781
000000007780,07780
000000007779,07779
000000007778,07778
000000007777,07777
000000007776,07776
000000007775,07775
000000007774,07774
000000007773,07773
000000007772,07772
000000007771,07771
000000007770,07770
000000007769,07769
000000007768,07768
000000007767,07767
000000007766,07766
000000007765,07765
000000007764,07764
000000007763,07763
000000007762,07762
000000007761,07761
000000007760,07760
000000007759,07759
000000007758,07758
000000007757,07757
000000007756,07756
000000007755,07755
000000007754,07754
000000007753,07753
000000007752,07752
000000007751,07751
000000007750,07750
000000007749,07749
000000007748,07748
000000007747,07747
000000007746,07746
000000007745,07745
000000007744,07744
000000007743,07743
000000007742,07742
000000007741,07741
000000007740,07740
000000007739,07739
000000007738,07738
000000007737,07737
000000007736,07736
000000007735,07735
000000007734,07734
000000007733,07733
000000007732,07732
000000007731,07731
000000007730,07730
000000007729,07729
000000007728,07728
000000007727,07727
000000007726,07726
000000007725,07725
000000007724,07724
000000007723,07723
000000007722,07722
000000007721,07721
000000007720,07720
000000007719,07719
000000007718,07718
000000007717,07717
000000007716,07716
000000007715,07715
000000007714,07714
000000007713,07713
000000007712,07712
000000007711,07711
000000007710,07710
000000007709,07709
000000007708,07708
000000007707,07707
000000007706,07706
000000007705,07705
000000007704,07704
000000007703,07703
000000007702,07702
000000007701,07701
000000007700,07700
000000007699,07699
000000007698,07698
000000007697,07697
000000007696,07696
000000007695,07695
000000007694,07694
000000007693,07693
000000007692,07692
000000007691,07691
000000007690,07690
000000007689,07689
000000007688,07688
000000007687,07687
000000007686,07686
000000007685,07685
000000007684,07684
000000007683,07683
000000007682,07682
000000007681,07681
000000007680,07680
000000007679,07679
000000007678,07678
000000007677,07677
000000007676,07676
000000007675,07675
000000007674,07674
000000007673,07673
000000007672,07672
000000007671,07671
000000007670,07670
000000007669,07669
000000007668,07668
000000007667,07667
000000007666,07666
000000007665,07665
000000007664,07664
000000007663,07663
000000007662,07662
000000007661,07661
000000007660,07660
000000007659,07659
000000007658,07658
000000007657,07657
000000007656,07656
000000007655,07655
000000007654,07654
000000007653,07653
000000007652,07652
000000007651,07651
000000007650,07650
000000007649,07649
000000007648,07648
000000007647,07647
000000007646,07646
000000007645,07645
000000007644,07644
000000007643,07643
000000007642,07642
000000007641,07641
000000007640,07640
000000007639,07639
000000007638,07638
000000007637,07637
000000007636,07636
000000007635,07635
000000007634,07634
000000007633,07633
000000007632,07632
000000007631,07631
000000007630,07630
000000007629,07629
000000007628,07628
000000007627,07627
000000007626,07626
000000007625,07625
000000007624,07624
000000007623,07623
000000007622,07622
000000007621,07621
000000007620,07620
000000007619,07619
000000007618,07618
000000007617,07617
000000007616,07616
000000007615,07615
000000007614,07614
000000007613,07613
000000007612,07612
000000007611,07611
000000007610,07610
000000007609,07609
000000007608,07608
000000007607,07607
000000007606,07606
000000007605,07605
000000007604,07604
000000007603,07603
000000007602,07602
000000007601,07601
000000007600,07600
000000007599,07599
000000007598,07598
000000007597,07597
000000007596,07596
000000007595,07595
000000007594,07594
000000007593,07593
000000007592,07592
000000007591,07591
000000007590,07590
000000007589,07589
000000007588,07588
000000007587,07587
000000007586,07586
000000007585,07585
000000007584,07584
000000007583,07583
000000007582,07582
000000007581,07581
000000007580,07580
000000007579,07579
000000007578,07578
000000007577,07577
000000007576,07576
000000007575,07575
000000007574,07574
000000007573,07573
000000007572,07572
000000007571,07571
000000007570,07570
000000007569,07569
000000007568,07568
000000007567,07567
000000007566,07566
000000007565,07565
000000007564,07564
000000007563,07563
000000007562,07562
000000007561,07561
000000007560,07560
000000007559,07559
000000007558,07558
000000007557,07557
000000007556,07556
000000007555,07555
000000007554,07554
000000007553,07553
000000007552,07552
000000007551,07551
000000007550,07550
000000007549,07549
000000007548,07548
000000007547,07547
000000007546,07546
000000007545,07545
000000007544,07544
000000007543,07543
000000007542,07542
000000007541,07541
000000007540,07540
000000007539,07539
000000007538,07538
000000007537,07537
000000007536,07536
000000007535,07535
000000007534,07534
000000007533,07533
000000007532,07532
000000007531,07531
000000007530,07530
000000007529,07529
000000007528,07528
000000007527,07527
000000007526,07526
000000007525,07525
000000007524,07524
000000007523,07523
000000007522,07522
000000007521,07521
000000007520,07520
000000007519,07519
000000007518,07518
000000007517,07517
000000007516,07516
000000007515,07515
000000007514,07514
000000007513,07513
000000007512,07512
000000007511,07511
000000007510,07510
000000007509,07509
000000007508,07508
000000007507,07507
000000007506,07506
000000007505,07505
000000007504,07504
000000007503,07503
000000007502,07502
000000007501,07501
000000007500,07500
000000007499,07499
000000007498,07498
000000007497,07497
000000007496,07496
000000007495,07495
000000007494,07494
000000007493,07493
000000007492,07492
000000007491,07491
000000007490,07490
000000007489,07489
000000007488,07488
000000007487,07487
000000007486,07486
000000007485,07485
000000007484,07484
000000007483,07483
000000007482,07482
000000007481,07481
000000007480,07480
000000007479,07479
000000007478,07478
000000007477,07477
000000007476,07476
000000007475,07475
000000007474,07474
000000007473,07473
000000007472,07472
000000007471,07471
000000007470,07470
000000007469,07469
000000007468,07468
000000007467,07467
000000007466,07466
000000007465,07465
000000007464,07464
000000007463,07463
000000007462,07462
000000007461,07461
000000007460,07460
000000007459,07459
000000007458,07458
000000007457,07457
000000007456,07456
000000007455,07455
000000007454,07454
000000007453,07453
000000007452,07452
000000007451,07451
000000007450,07450
000000007449,07449
000000007448,07448
000000007447,07447
000000007446,07446
000000007445,07445
000000007444,07444
000000007443,07443
000000007442,07442
000000007441,07441
000000007440,07440
000000007439,07439
000000007438,07438
000000007437,07437
000000007436,07436
000000007435,07435
000000007434,07434
000000007433,07433
000000007432,07432
000000007431,07431
000000007430,07430
000000007429,07429
000000007428,07428
000000007427,07427
000000007426,07426
000000007425,07425
000000007424,07424
000000007423,07423
000000007422,07422
000000007421,07421
000000007420,07420
000000007419,07419
000000007418,07418
000000007417,07417
000000007416,07416
000000007415,07415
000000007414,07414
000000007413,07413
000000007412,07412
000000007411,07411
000000007410,07410
000000007409,07409
000000007408,07408
000000007407,07407
000000007406,07406
000000007405,07405
000000007404,07404
000000007403,07403
000000007402,07402
000000007401,07401
000000007400,07400
000000007399,07399
000000007398,07398
000000007397,07397
000000007396,07396
000000007395,07395
000000007394,07394
000000007393,07393
000000007392,07392
000000007391,07391
000000007390,07390
000000007389,07389
000000007388,07388
000000007387,07387
000000007386,07386
000000007385,07385
000000007384,07384
000000007383,07383
000000007382,07382
000000007381,07381
000000007380,07380
000000007379,07379
000000007378,07378
000000007377,07377
000000007376,07376
000000007375,07375
000000007374,07374
000000007373,07373
000000007372,07372
000000007371,07371
000000007370,07370
000000007369,07369
000000007368,07368
000000007367,07367
000000007366,07366
000000007365,07365
000000007364,07364
000000007363,07363
000000007362,07362
000000007361,07361
000000007360,07360
000000007359,07359
000000007358,07358
000000007357,07357
000000007356,07356
000000007355,07355
000000007354,07354
000000007353,07353
000000007352,07352
000000007351,07351
000000007350,07350
000000007349,07349
000000007348,07348
000000007347,07347
000000007346,07346
000000007345,07345
000000007344,07344
000000007343,07343
000000007342,07342
000000007341,07341
000000007340,07340
000000007339,07339
000000007338,07338
000000007337,07337
000000007336,07336
000000007335,07335
000000007334,07334
000000007333,07333
000000007332,07332
000000007331,07331
000000007330,07330
000000007329,07329
000000007328,07328
000000007327,07327
000000007326,07326
000000007325,07325
000000007324,07324
000000007323,07323
000000007322,07322
000000007321,07321
000000007320,07320
000000007319,07319
000000007318,07318
000000007317,07317
000000007316,07316
000000007315,07315
000000007314,07314
000000007313,07313
000000007312,07312
000000007311,07311
000000007310,07310
000000007309,07309
000000007308,07308
000000007307,07307
000000007306,07306
000000007305,07305
000000007304,07304
000000007303,07303
000000007302,07302
000000007301,07301
000000007300,07300
000000007299,07299
000000007298,07298
000000007297,07297
000000007296,07296
000000007295,07295
000000007294,07294
000000007293,07293
000000007292,07292
000000007291,07291
000000007290,07290
000000007289,07289
000000007288,07288
000000007287,07287
000000007286,07286
000000007285,07285
000000007284,07284
000000007283,07283
000000007282,07282
000000007281,07281
000000007280,07280
000000007279,07279
000000007278,07278
000000007277,07277
000000007276,07276
000000007275,07275
000000007274,07274
000000007273,07273
000000007272,07272
000000007271,07271
000000007270,07270
000000007269,07269
000000007268,07268
000000007267,07267
000000007266,07266
000000007265,07265
000000007264,07264
000000007263,07263
000000007262,07262
000000007261,07261
000000007260,07260
000000007259,07259
000000007258,07258
000000007257,07257
000000007256,07256
000000007255,07255
000000007254,07254
000000007253,07253
000000007252,07252
000000007251,07251
000000007250,07250
000000007249,07249
000000007248,07248
000000007247,07247
000000007246,07246
000000007245,07245
000000007244,07244
000000007243,07243
000000007242,07242
000000007241,07241
000000007240,07240
000000007239,07239
000000007238,07238
000000007237,07237
000000007236,07236
000000007235,07235
000000007234,07234
000000007233,07233
000000007232,07232
000000007231,07231
000000007230,07230
000000007229,07229
000000007228,07228
000000007227,07227
000000007226,07226
000000007225,07225
000000007224,07224
000000007223,07223
000000007222,07222
000000007221,07221
000000007220,07220
000000007219,07219
000000007218,07218
000000007217,07217
000000007216,07216
000000007215,07215
000000007214,07214
000000007213,07213
000000007212,07212
000000007211,07211
000000007210,07210
000000007209,07209
000000007208,07208
000000007207,07207
000000007206,07206
000000007205,07205
000000007204,07204
000000007203,07203
000000007202,07202
000000007201,07201
000000007200,07200
000000007199,07199
000000007198,07198
000000007197,07197
000000007196,07196
000000007195,07195
000000007194,07194
000000007193,07193
000000007192,07192
000000007191,07191
000000007190,07190
000000007189,07189
000000007188,07188
000000007187,07187
000000007186,07186
000000007185,07185
000000007184,07184
000000007183,07183
000000007182,07182
000000007181,07181
000000007180,07180
000000007179,07179
000000007178,07178
000000007177,07177
000000007176,07176
000000007175,07175
000000007174,07174
000000007173,07173
000000007172,07172
000000007171,07171
000000007170,07170
000000007169,07169
000000007168,07168
000000007167,07167
000000007166,07166
000000007165,07165
000000007164,07164
000000007163,07163
000000007162,07162
000000007161,07161
000000007160,07160
000000007159,07159
000000007158,07158
000000007157,07157
000000007156,07156
000000007155,07155
000000007154,07154
000000007153,07153
000000007152,07152
000000007151,07151
000000007150,07150
000000007149,07149
000000007148,07148
000000007147,07147
000000007146,07146
000000007145,07145
000000007144,07144
000000007143,07143
000000007142,07142
000000007141,07141
000000007140,07140
000000007139,07139
000000007138,07138
000000007137,07137
000000007136,07136
000000007135,07135
000000007134,07134
000000007133,07133
000000007132,07132
000000007131,07131
000000007130,07130
000000007129,07129
000000007128,07128
000000007127,07127
000000007126,07126
000000007125,07125
000000007124,07124
000000007123,07123
000000007122,07122
000000007121,07121
000000007120,07120
000000007119,07119
000000007118,07118
000000007117,07117
000000007116,07116
000000007115,07115
000000007114,07114
000000007113,07113
000000007112,07112
000000007111,07111
000000007110,07110
000000007109,07109
000000007108,07108
000000007107,07107
000000007106,07106
000000007105,07105
000000007104,07104
000000007103,07103
000000007102,07102
000000007101,07101
000000007100,07100
000000007099,07099
000000007098,07098
000000007097,07097
000000007096,07096
000000007095,07095
000000007094,07094
000000007093,07093
000000007092,07092
000000007091,07091
000000007090,07090
000000007089,07089
000000007088,07088
000000007087,07087
000000007086,07086
000000007085,07085
000000007084,07084
000000007083,07083
000000007082,07082
000000007081,07081
000000007080,07080
000000007079,07079
000000007078,07078
000000007077,07077
000000007076,07076
000000007075,07075
000000007074,07074
000000007073,07073
000000007072,07072
000000007071,07071
000000007070,07070
000000007069,07069
000000007068,07068
000000007067,07067
000000007066,07066
000000007065,07065
000000007064,07064
000000007063,07063
000000007062,07062
000000007061,07061
000000007060,07060
000000007059,07059
000000007058,07058
000000007057,07057
000000007056,07056
000000007055,07055
000000007054,07054
000000007053,07053
000000007052,07052
000000007051,07051
000000007050,07050
000000007049,07049
000000007048,07048
000000007047,07047
000000007046,07046
000000007045,07045
000000007044,07044
000000007043,07043
000000007042,07042
000000007041,07041
000000007040,07040
000000007039,07039
000000007038,07038
000000007037,07037
000000007036,07036
000000007035,07035
000000007034,07034
000000007033,07033
000000007032,07032
000000007031,07031
000000007030,07030
000000007029,07029
000000007028,07028
000000007027,07027
000000007026,07026
000000007025,07025
000000007024,07024
000000007023,07023
000000007022,07022
000000007021,07021
000000007020,07020
000000007019,07019
000000007018,07018
000000007017,07017
000000007016,07016
000000007015,07015
000000007014,07014
000000007013,07013
000000007012,07012
000000007011,07011
000000007010,07010
000000007009,07009
000000007008,07008
000000007007,07007
000000007006,07006
000000007005,07005
000000007004,07004
000000007003,07003
000000007002,07002
000000007001,07001
000000007000,07000
000000006999,06999
000000006998,06998
000000006997,06997
000000006996,06996
000000006995,06995
000000006994,06994
000000006993,06993
000000006992,06992
000000006991,06991
000000006990,06990
000000006989,06989
000000006988,06988
000000006987,06987
000000006986,06986
000000006985,06985
000000006984,06984
000000006983,06983
000000006982,06982
000000006981,06981
000000006980,06980
000000006979,06979
000000006978,06978
000000006977,06977
000000006976,06976
000000006975,06975
000000006974,06974
000000006973,06973
000000006972,06972
000000006971,06971
000000006970,06970
000000006969,06969
000000006968,06968
000000006967,06967
000000006966,06966
000000006965,06965
000000006964,06964
000000006963,06963
000000006962,06962
000000006961,06961
000000006960,06960
000000006959,06959
000000006958,06958
000000006957,06957
000000006956,06956
000000006955,06955
000000006954,06954
000000006953,06953
000000006952,06952
000000006951,06951
000000006950,06950
000000006949,06949
000000006948,06948
000000006947,06947
000000006946,06946
000000006945,06945
000000006944,06944
000000006943,06943
000000006942,06942
000000006941,06941
000000006940,06940
000000006939,06939
000000006938,06938
000000006937,06937
000000006936,06936
000000006935,06935
000000006934,06934
000000006933,06933
000000006932,06932
000000006931,06931
000000006930,06930
000000006929,06929
000000006928,06928
000000006927,06927
000000006926,06926
000000006925,06925
000000006924,06924
000000006923,06923
000000006922,06922
000000006921,06921
000000006920,06920
000000006919,06919
000000006918,06918
000000006917,06917
000000006916,06916
000000006915,06915
000000006914,06914
000000006913,06913
000000006912,06912
000000006911,06911
000000006910,06910
000000006909,06909
000000006908,06908
000000006907,06907
000000006906,06906
000000006905,06905
000000006904,06904
000000006903,06903
000000006902,06902
000000006901,06901
000000006900,06900
000000006899,06899
000000006898,06898
000000006897,06897
000000006896,06896
000000006895,06895
000000006894,06894
000000006893,06893
000000006892,06892
000000006891,06891
000000006890,06890
000000006889,06889
000000006888,06888
000000006887,06887
000000006886,06886
000000006885,06885
000000006884,06884
000000006883,06883
000000006882,06882
000000006881,06881
000000006880,06880
000000006879,06879
000000006878,06878
000000006877,06877
000000006876,06876
000000006875,06875
000000006874,06874
000000006873,06873
000000006872,06872
000000006871,06871
000000006870,06870
000000006869,06869
000000006868,06868
000000006867,06867
000000006866,06866
000000006865,06865
000000006864,06864
000000006863,06863
000000006862,06862
000000006861,06861
000000006860,06860
000000006859,06859
000000006858,06858
000000006857,06857
000000006856,06856
000000006855,06855
000000006854,06854
000000006853,06853
000000006852,06852
000000006851,06851
000000006850,06850
000000006849,06849
000000006848,06848
000000006847,06847
000000006846,06846
000000006845,06845
000000006844,06844
000000006843,06843
000000006842,06842
000000006841,06841
000000006840,06840
000000006839,06839
000000006838,06838
000000006837,06837
000000006836,06836
000000006835,06835
000000006834,06834
000000006833,06833
000000006832,06832
000000006831,06831
000000006830,06830
000000006829,06829
000000006828,06828
000000006827,06827
000000006826,06826
000000006825,06825
000000006824,06824
000000006823,06823
000000006822,06822
000000006821,06821
000000006820,06820
000000006819,06819
000000006818,06818
000000006817,06817
000000006816,06816
000000006815,06815
000000006814,06814
000000006813,06813
000000006812,06812
000000006811,06811
000000006810,06810
000000006809,06809
000000006808,06808
000000006807,06807
000000006806,06806
000000006805,06805
000000006804,06804
000000006803,06803
000000006802,06802
000000006801,06801
000000006800,06800
000000006799,06799
000000006798,06798
000000006797,06797
000000006796,06796
000000006795,06795
000000006794,06794
000000006793,06793
000000006792,06792
000000006791,06791
000000006790,06790
000000006789,06789
000000006788,06788
000000006787,06787
000000006786,06786
000000006785,06785
000000006784,06784
000000006783,06783
000000006782,06782
000000006781,06781
000000006780,06780
000000006779,06779
000000006778,06778
000000006777,06777
000000006776,06776
000000006775,06775
000000006774,06774
000000006773,06773
000000006772,06772
000000006771,06771
000000006770,06770
000000006769,06769
000000006768,06768
000000006767,06767
000000006766,06766
000000006765,06765
000000006764,06764
000000006763,06763
000000006762,06762
000000006761,06761
000000006760,06760
000000006759,06759
000000006758,06758
000000006757,06757
000000006756,06756
000000006755,06755
000000006754,06754
000000006753,06753
000000006752,06752
000000006751,06751
000000006750,06750
000000006749,06749
000000006748,06748
000000006747,06747
000000006746,06746
000000006745,06745
000000006744,06744
000000006743,06743
000000006742,06742
000000006741,06741
000000006740,06740
000000006739,06739
000000006738,06738
000000006737,06737
000000006736,06736
000000006735,06735
000000006734,06734
000000006733,06733
000000006732,06732
000000006731,06731
000000006730,06730
000000006729,06729
000000006728,06728
000000006727,06727
000000006726,06726
000000006725,06725
000000006724,06724
000000006723,06723
000000006722,06722
000000006721,06721
000000006720,06720
000000006719,06719
000000006718,06718
000000006717,06717
000000006716,06716
000000006715,06715
000000006714,06714
000000006713,06713
000000006712,06712
000000006711,06711
000000006710,06710
000000006709,06709
000000006708,06708
000000006707,06707
000000006706,06706
000000006705,06705
000000006704,06704
000000006703,06703
000000006702,06702
000000006701,06701
000000006700,06700
000000006699,06699
000000006698,06698
000000006697,06697
000000006696,06696
000000006695,06695
000000006694,06694
000000006693,06693
000000006692,06692
000000006691,06691
000000006690,06690
000000006689,06689
000000006688,06688
000000006687,06687
000000006686,06686
000000006685,06685
000000006684,06684
000000006683,06683
000000006682,06682
000000006681,06681
000000006680,06680
000000006679,06679
000000006678,06678
000000006677,06677
000000006676,06676
000000006675,06675
000000006674,06674
000000006673,06673
000000006672,06672
000000006671,06671
000000006670,06670
000000006669,06669
000000006668,06668
000000006667,06667
000000006666,06666
000000006665,06665
000000006664,06664
000000006663,06663
000000006662,06662
000000006661,06661
000000006660,06660
000000006659,06659
000000006658,06658
000000006657,06657
000000006656,06656
000000006655,06655
000000006654,06654
000000006653,06653
000000006652,06652
000000006651,06651
000000006650,06650
000000006649,06649
000000006648,06648
000000006647,06647
000000006646,06646
000000006645,06645
000000006644,06644
000000006643,06643
000000006642,06642
000000006641,06641
000000006640,06640
000000006639,06639
000000006638,06638
000000006637,06637
000000006636,06636
000000006635,06635
000000006634,06634
000000006633,06633
000000006632,06632
000000006631,06631
000000006630,06630
000000006629,06629
000000006628,06628
000000006627,06627
000000006626,06626
000000006625,06625
000000006624,06624
000000006623,06623
000000006622,06622
000000006621,06621
000000006620,06620
000000006619,06619
000000006618,06618
000000006617,06617
000000006616,06616
000000006615,06615
000000006614,06614
000000006613,06613
000000006612,06612
000000006611,06611
000000006610,06610
000000006609,06609
000000006608,06608
000000006607,06607
000000006606,06606
000000006605,06605
000000006604,06604
000000006603,06603
000000006602,06602
000000006601,06601
000000006600,06600
000000006599,06599
000000006598,06598
000000006597,06597
000000006596,06596
000000006595,06595
000000006594,06594
000000006593,06593
000000006592,06592
000000006591,06591
000000006590,06590
000000006589,06589
000000006588,06588
000000006587,06587
000000006586,06586
000000006585,06585
000000006584,06584
000000006583,06583
000000006582,06582
000000006581,06581
000000006580,06580
000000006579,06579
000000006578,06578
000000006577,06577
000000006576,06576
000000006575,06575
000000006574,06574
000000006573,06573
000000006572,06572
000000006571,06571
000000006570,06570
000000006569,06569
000000006568,06568
000000006567,06567
000000006566,06566
000000006565,06565
000000006564,06564
000000006563,06563
000000006562,06562
000000006561,06561
000000006560,06560
000000006559,06559
000000006558,06558
000000006557,06557
000000006556,06556
000000006555,06555
000000006554,06554
000000006553,06553
000000006552,06552
000000006551,06551
000000006550,06550
000000006549,06549
000000006548,06548
000000006547,06547
000000006546,06546
000000006545,06545
000000006544,06544
000000006543,06543
000000006542,06542
000000006541,06541
000000006540,06540
000000006539,06539
000000006538,06538
000000006537,06537
000000006536,06536
000000006535,06535
000000006534,06534
000000006533,06533
000000006532,06532
000000006531,06531
000000006530,06530
000000006529,06529
000000006528,06528
000000006527,06527
000000006526,06526
000000006525,06525
000000006524,06524
000000006523,06523
000000006522,06522
000000006521,06521
000000006520,06520
000000006519,06519
000000006518,06518
000000006517,06517
000000006516,06516
000000006515,06515
000000006514,06514
000000006513,06513
000000006512,06512
000000006511,06511
000000006510,06510
000000006509,06509
000000006508,06508
000000006507,06507
000000006506,06506
000000006505,06505
000000006504,06504
000000006503,06503
000000006502,06502
000000006501,06501
000000006500,06500
000000006499,06499
000000006498,06498
000000006497,06497
000000006496,06496
000000006495,06495
000000006494,06494
000000006493,06493
000000006492,06492
000000006491,06491
000000006490,06490
000000006489,06489
000000006488,06488
000000006487,06487
000000006486,06486
000000006485,06485
000000006484,06484
000000006483,06483
000000006482,06482
000000006481,06481
000000006480,06480
000000006479,06479
000000006478,06478
000000006477,06477
000000006476,06476
000000006475,06475
000000006474,06474
000000006473,06473
000000006472,06472
000000006471,06471
000000006470,06470
000000006469,06469
000000006468,06468
000000006467,06467
000000006466,06466
000000006465,06465
000000006464,06464
000000006463,06463
000000006462,06462
000000006461,06461
000000006460,06460
000000006459,06459
000000006458,06458
000000006457,06457
000000006456,06456
000000006455,06455
000000006454,06454
000000006453,06453
000000006452,06452
000000006451,06451
000000006450,06450
000000006449,06449
000000006448,06448
000000006447,06447
000000006446,06446
000000006445,06445
000000006444,06444
000000006443,06443
000000006442,06442
000000006441,06441
000000006440,06440
000000006439,06439
000000006438,06438
000000006437,06437
000000006436,06436
000000006435,06435
000000006434,06434
000000006433,06433
000000006432,06432
000000006431,06431
000000006430,06430
000000006429,06429
000000006428,06428
000000006427,06427
000000006426,06426
000000006425,06425
000000006424,06424
000000006423,06423
000000006422,06422
000000006421,06421
000000006420,06420
000000006419,06419
000000006418,06418
000000006417,06417
000000006416,06416
000000006415,06415
000000006414,06414
000000006413,06413
000000006412,06412
000000006411,06411
000000006410,06410
000000006409,06409
000000006408,06408
000000006407,06407
000000006406,06406
000000006405,06405
000000006404,06404
000000006403,06403
000000006402,06402
000000006401,06401
000000006400,06400
000000006399,06399
000000006398,06398
000000006397,06397
000000006396,06396
000000006395,06395
000000006394,06394
000000006393,06393
000000006392,06392
000000006391,06391
000000006390,06390
000000006389,06389
000000006388,06388
000000006387,06387
000000006386,06386
000000006385,06385
000000006384,06384
000000006383,06383
000000006382,06382
000000006381,06381
000000006380,06380
000000006379,06379
000000006378,06378
000000006377,06377
000000006376,06376
000000006375,06375
000000006374,06374
000000006373,06373
000000006372,06372
000000006371,06371
000000006370,06370
000000006369,06369
000000006368,06368
000000006367,06367
000000006366,06366
000000006365,06365
000000006364,06364
000000006363,06363
000000006362,06362
000000006361,06361
000000006360,06360
000000006359,06359
000000006358,06358
000000006357,06357
000000006356,06356
000000006355,06355
000000006354,06354
000000006353,06353
000000006352,06352
000000006351,06351
000000006350,06350
000000006349,06349
000000006348,06348
000000006347,06347
000000006346,06346
000000006345,06345
000000006344,06344
000000006343,06343
000000006342,06342
000000006341,06341
000000006340,06340
000000006339,06339
000000006338,06338
000000006337,06337
000000006336,06336
000000006335,06335
000000006334,06334
000000006333,06333
000000006332,06332
000000006331,06331
000000006330,06330
000000006329,06329
000000006328,06328
000000006327,06327
000000006326,06326
000000006325,06325
000000006324,06324
000000006323,06323
000000006322,06322
000000006321,06321
000000006320,06320
000000006319,06319
000000006318,06318
000000006317,06317
000000006316,06316
000000006315,06315
000000006314,06314
000000006313,06313
000000006312,06312
000000006311,06311
000000006310,06310
000000006309,06309
000000006308,06308
000000006307,06307
000000006306,06306
000000006305,06305
000000006304,06304
000000006303,06303
000000006302,06302
000000006301,06301
000000006300,06300
000000006299,06299
000000006298,06298
000000006297,06297
000000006296,06296
000000006295,06295
000000006294,06294
000000006293,06293
000000006292,06292
000000006291,06291
000000006290,06290
000000006289,06289
000000006288,06288
000000006287,06287
000000006286,06286
000000006285,06285
000000006284,06284
000000006283,06283
000000006282,06282
000000006281,06281
000000006280,06280
000000006279,06279
000000006278,06278
000000006277,06277
000000006276,06276
000000006275,06275
000000006274,06274
000000006273,06273
000000006272,06272
000000006271,06271
000000006270,06270
000000006269,06269
000000006268,06268
000000006267,06267
000000006266,06266
000000006265,06265
000000006264,06264
000000006263,06263
000000006262,06262
000000006261,06261
000000006260,06260
000000006259,06259
000000006258,06258
000000006257,06257
000000006256,06256
000000006255,06255
000000006254,06254
000000006253,06253
000000006252,06252
000000006251,06251
000000006250,06250
000000006249,06249
000000006248,06248
000000006247,06247
000000006246,06246
000000006245,06245
000000006244,06244
000000006243,06243
000000006242,06242
000000006241,06241
000000006240,06240
000000006239,06239
000000006238,06238
000000006237,06237
000000006236,06236
000000006235,06235
000000006234,06234
000000006233,06233
000000006232,06232
000000006231,06231
000000006230,06230
000000006229,06229
000000006228,06228
000000006227,06227
000000006226,06226
000000006225,06225
000000006224,06224
000000006223,06223
000000006222,06222
000000006221,06221
000000006220,06220
000000006219,06219
000000006218,06218
000000006217,06217
000000006216,06216
000000006215,06215
000000006214,06214
000000006213,06213
000000006212,06212
000000006211,06211
000000006210,06210
000000006209,06209
000000006208,06208
000000006207,06207
000000006206,06206
000000006205,06205
000000006204,06204
000000006203,06203
000000006202,06202
000000006201,06201
000000006200,06200
000000006199,06199
000000006198,06198
000000006197,06197
000000006196,06196
000000006195,06195
000000006194,06194
000000006193,06193
000000006192,06192
000000006191,06191
000000006190,06190
000000006189,06189
000000006188,06188
000000006187,06187
000000006186,06186
000000006185,06185
000000006184,06184
000000006183,06183
000000006182,06182
000000006181,06181
000000006180,06180
000000006179,06179
000000006178,06178
000000006177,06177
000000006176,06176
000000006175,06175
000000006174,06174
000000006173,06173
000000006172,06172
000000006171,06171
000000006170,06170
000000006169,06169
000000006168,06168
000000006167,06167
000000006166,06166
000000006165,06165
000000006164,06164
000000006163,06163
000000006162,06162
000000006161,06161
000000006160,06160
000000006159,06159
000000006158,06158
000000006157,06157
000000006156,06156
000000006155,06155
000000006154,06154
000000006153,06153
000000006152,06152
000000006151,06151
000000006150,06150
000000006149,06149
000000006148,06148
000000006147,06147
000000006146,06146
000000006145,06145
000000006144,06144
000000006143,06143
000000006142,06142
000000006141,06141
000000006140,06140
000000006139,06139
000000006138,06138
000000006137,06137
000000006136,06136
000000006135,06135
000000006134,06134
000000006133,06133
000000006132,06132
000000006131,06131
000000006130,06130
000000006129,06129
000000006128,06128
000000006127,06127
000000006126,06126
000000006125,06125
000000006124,06124
000000006123,06123
000000006122,06122
000000006121,06121
000000006120,06120
000000006119,06119
000000006118,06118
000000006117,06117
000000006116,06116
000000006115,06115
000000006114,06114
000000006113,06113
000000006112,06112
000000006111,06111
000000006110,06110
000000006109,06109
000000006108,06108
000000006107,06107
000000006106,06106
000000006105,06105
000000006104,06104
000000006103,06103
000000006102,06102
000000006101,06101
000000006100,06100
000000006099,06099
000000006098,06098
000000006097,06097
000000006096,06096
000000006095,06095
000000006094,06094
000000006093,06093
000000006092,06092
000000006091,06091
000000006090,06090
000000006089,06089
000000006088,06088
000000006087,06087
000000006086,06086
000000006085,06085
000000006084,06084
000000006083,06083
000000006082,06082
000000006081,06081
000000006080,06080
000000006079,06079
000000006078,06078
000000006077,06077
000000006076,06076
000000006075,06075
000000006074,06074
000000006073,06073
000000006072,06072
000000006071,06071
000000006070,06070
000000006069,06069
000000006068,06068
000000006067,06067
000000006066,06066
000000006065,06065
000000006064,06064
000000006063,06063
000000006062,06062
000000006061,06061
000000006060,06060
000000006059,06059
000000006058,06058
000000006057,06057
000000006056,06056
000000006055,06055
000000006054,06054
000000006053,06053
000000006052,06052
000000006051,06051
000000006050,06050
000000006049,06049
000000006048,06048
000000006047,06047
000000006046,06046
000000006045,06045
000000006044,06044
000000006043,06043
000000006042,06042
000000006041,06041
000000006040,06040
000000006039,06039
000000006038,06038
000000006037,06037
000000006036,06036
000000006035,06035
000000006034,06034
000000006033,06033
000000006032,06032
000000006031,06031
000000006030,06030
000000006029,06029
000000006028,06028
000000006027,06027
000000006026,06026
000000006025,06025
000000006024,06024
000000006023,06023
000000006022,06022
000000006021,06021
000000006020,06020
000000006019,06019
000000006018,06018
000000006017,06017
000000006016,06016
000000006015,06015
000000006014,06014
000000006013,06013
000000006012,06012
000000006011,06011
000000006010,06010
000000006009,06009
000000006008,06008
000000006007,06007
000000006006,06006
000000006005,06005
000000006004,06004
000000006003,06003
000000006002,06002
000000006001,06001
000000006000,06000
000000005999,05999
000000005998,05998
000000005997,05997
000000005996,05996
000000005995,05995
000000005994,05994
000000005993,05993
000000005992,05992
000000005991,05991
000000005990,05990
000000005989,05989
000000005988,05988
000000005987,05987
000000005986,05986
000000005985,05985
000000005984,05984
000000005983,05983
000000005982,05982
000000005981,05981
000000005980,05980
000000005979,05979
000000005978,05978
000000005977,05977
000000005976,05976
000000005975,05975
000000005974,05974
000000005973,05973
000000005972,05972
000000005971,05971
000000005970,05970
000000005969,05969
000000005968,05968
000000005967,05967
000000005966,05966
000000005965,05965
000000005964,05964
000000005963,05963
000000005962,05962
000000005961,05961
000000005960,05960
000000005959,05959
000000005958,05958
000000005957,05957
000000005956,05956
000000005955,05955
000000005954,05954
000000005953,05953
000000005952,05952
000000005951,05951
000000005950,05950
000000005949,05949
000000005948,05948
000000005947,05947
000000005946,05946
000000005945,05945
000000005944,05944
000000005943,05943
000000005942,05942
000000005941,05941
000000005940,05940
000000005939,05939
000000005938,05938
000000005937,05937
000000005936,05936
000000005935,05935
000000005934,05934
000000005933,05933
000000005932,05932
000000005931,05931
000000005930,05930
000000005929,05929
000000005928,05928
000000005927,05927
000000005926,05926
000000005925,05925
000000005924,05924
000000005923,05923
000000005922,05922
000000005921,05921
000000005920,05920
000000005919,05919
000000005918,05918
000000005917,05917
000000005916,05916
000000005915,05915
000000005914,05914
000000005913,05913
000000005912,05912
000000005911,05911
000000005910,05910
000000005909,05909
000000005908,05908
000000005907,05907
000000005906,05906
000000005905,05905
000000005904,05904
000000005903,05903
000000005902,05902
000000005901,05901
000000005900,05900
000000005899,05899
000000005898,05898
000000005897,05897
000000005896,05896
000000005895,05895
000000005894,05894
000000005893,05893
000000005892,05892
000000005891,05891
000000005890,05890
000000005889,05889
000000005888,05888
000000005887,05887
000000005886,05886
000000005885,05885
000000005884,05884
000000005883,05883
000000005882,05882
000000005881,05881
000000005880,05880
000000005879,05879
000000005878,05878
000000005877,05877
000000005876,05876
000000005875,05875
000000005874,05874
000000005873,05873
000000005872,05872
000000005871,05871
000000005870,05870
000000005869,05869
000000005868,05868
000000005867,05867
000000005866,05866
000000005865,05865
000000005864,05864
000000005863,05863
000000005862,05862
000000005861,05861
000000005860,05860
000000005859,05859
000000005858,05858
000000005857,05857
000000005856,05856
000000005855,05855
000000005854,05854
000000005853,05853
000000005852,05852
000000005851,05851
000000005850,05850
000000005849,05849
000000005848,05848
000000005847,05847
000000005846,05846
000000005845,05845
000000005844,05844
000000005843,05843
000000005842,05842
000000005841,05841
000000005840,05840
000000005839,05839
000000005838,05838
000000005837,05837
000000005836,05836
000000005835,05835
000000005834,05834
000000005833,05833
000000005832,05832
000000005831,05831
000000005830,05830
000000005829,05829
000000005828,05828
000000005827,05827
000000005826,05826
000000005825,05825
000000005824,05824
000000005823,05823
000000005822,05822
000000005821,05821
000000005820,05820
000000005819,05819
000000005818,05818
000000005817,05817
000000005816,05816
000000005815,05815
000000005814,05814
000000005813,05813
000000005812,05812
000000005811,05811
000000005810,05810
000000005809,05809
000000005808,05808
000000005807,05807
000000005806,05806
000000005805,05805
000000005804,05804
000000005803,05803
000000005802,05802
000000005801,05801
000000005800,05800
000000005799,05799
000000005798,05798
000000005797,05797
000000005796,05796
000000005795,05795
000000005794,05794
000000005793,05793
000000005792,05792
000000005791,05791
000000005790,05790
000000005789,05789
000000005788,05788
000000005787,05787
000000005786,05786
000000005785,05785
000000005784,05784
000000005783,05783
000000005782,05782
000000005781,05781
000000005780,05780
000000005779,05779
000000005778,05778
000000005777,05777
000000005776,05776
000000005775,05775
000000005774,05774
000000005773,05773
000000005772,05772
000000005771,05771
000000005770,05770
000000005769,05769
000000005768,05768
000000005767,05767
000000005766,05766
000000005765,05765
000000005764,05764
000000005763,05763
000000005762,05762
000000005761,05761
000000005760,05760
000000005759,05759
000000005758,05758
000000005757,05757
000000005756,05756
000000005755,05755
000000005754,05754
000000005753,05753
000000005752,05752
000000005751,05751
000000005750,05750
000000005749,05749
000000005748,05748
000000005747,05747
000000005746,05746
000000005745,05745
000000005744,05744
000000005743,05743
000000005742,05742
000000005741,05741
000000005740,05740
000000005739,05739
000000005738,05738
000000005737,05737
000000005736,05736
000000005735,05735
000000005734,05734
000000005733,05733
000000005732,05732
000000005731,05731
000000005730,05730
000000005729,05729
000000005728,05728
000000005727,05727
000000005726,05726
000000005725,05725
000000005724,05724
000000005723,05723
000000005722,05722
000000005721,05721
000000005720,05720
000000005719,05719
000000005718,05718
000000005717,05717
000000005716,05716
000000005715,05715
000000005714,05714
000000005713,05713
000000005712,05712
000000005711,05711
000000005710,05710
000000005709,05709
000000005708,05708
000000005707,05707
000000005706,05706
000000005705,05705
000000005704,05704
000000005703,05703
000000005702,05702
000000005701,05701
000000005700,05700
000000005699,05699
000000005698,05698
000000005697,05697
000000005696,05696
000000005695,05695
000000005694,05694
000000005693,05693
000000005692,05692
000000005691,05691
000000005690,05690
000000005689,05689
000000005688,05688
000000005687,05687
000000005686,05686
000000005685,05685
000000005684,05684
000000005683,05683
000000005682,05682
000000005681,05681
000000005680,05680
000000005679,05679
000000005678,05678
000000005677,05677
000000005676,05676
000000005675,05675
000000005674,05674
000000005673,05673
000000005672,05672
000000005671,05671
000000005670,05670
000000005669,05669
000000005668,05668
000000005667,05667
000000005666,05666
000000005665,05665
000000005664,05664
000000005663,05663
000000005662,05662
000000005661,05661
000000005660,05660
000000005659,05659
000000005658,05658
000000005657,05657
000000005656,05656
000000005655,05655
000000005654,05654
000000005653,05653
000000005652,05652
000000005651,05651
000000005650,05650
000000005649,05649
000000005648,05648
000000005647,05647
000000005646,05646
000000005645,05645
000000005644,05644
000000005643,05643
000000005642,05642
000000005641,05641
000000005640,05640
000000005639,05639
000000005638,05638
000000005637,05637
000000005636,05636
000000005635,05635
000000005634,05634
000000005633,05633
000000005632,05632
000000005631,05631
000000005630,05630
000000005629,05629
000000005628,05628
000000005627,05627
000000005626,05626
000000005625,05625
000000005624,05624
000000005623,05623
000000005622,05622
000000005621,05621
000000005620,05620
000000005619,05619
000000005618,05618
000000005617,05617
000000005616,05616
000000005615,05615
000000005614,05614
000000005613,05613
000000005612,05612
000000005611,05611
000000005610,05610
000000005609,05609
000000005608,05608
000000005607,05607
000000005606,05606
000000005605,05605
000000005604,05604
000000005603,05603
000000005602,05602
000000005601,05601
000000005600,05600
000000005599,05599
000000005598,05598
000000005597,05597
000000005596,05596
000000005595,05595
000000005594,05594
000000005593,05593
000000005592,05592
000000005591,05591
000000005590,05590
000000005589,05589
000000005588,05588
000000005587,05587
000000005586,05586
000000005585,05585
000000005584,05584
000000005583,05583
000000005582,05582
000000005581,05581
000000005580,05580
000000005579,05579
000000005578,05578
000000005577,05577
000000005576,05576
000000005575,05575
000000005574,05574
000000005573,05573
000000005572,05572
000000005571,05571
000000005570,05570
000000005569,05569
000000005568,05568
000000005567,05567
000000005566,05566
000000005565,05565
000000005564,05564
000000005563,05563
000000005562,05562
000000005561,05561
000000005560,05560
000000005559,05559
000000005558,05558
000000005557,05557
000000005556,05556
000000005555,05555
000000005554,05554
000000005553,05553
000000005552,05552
000000005551,05551
000000005550,05550
000000005549,05549
000000005548,05548
000000005547,05547
000000005546,05546
000000005545,05545
000000005544,05544
000000005543,05543
000000005542,05542
000000005541,05541
000000005540,05540
000000005539,05539
000000005538,05538
000000005537,05537
000000005536,05536
000000005535,05535
000000005534,05534
000000005533,05533
000000005532,05532
000000005531,05531
000000005530,05530
000000005529,05529
000000005528,05528
000000005527,05527
000000005526,05526
000000005525,05525
000000005524,05524
000000005523,05523
000000005522,05522
000000005521,05521
000000005520,05520
000000005519,05519
000000005518,05518
000000005517,05517
000000005516,05516
000000005515,05515
000000005514,05514
000000005513,05513
000000005512,05512
000000005511,05511
000000005510,05510
000000005509,05509
000000005508,05508
000000005507,05507
000000005506,05506
000000005505,05505
000000005504,05504
000000005503,05503
000000005502,05502
000000005501,05501
000000005500,05500
000000005499,05499
000000005498,05498
000000005497,05497
000000005496,05496
000000005495,05495
000000005494,05494
000000005493,05493
000000005492,05492
000000005491,05491
000000005490,05490
000000005489,05489
000000005488,05488
000000005487,05487
000000005486,05486
000000005485,05485
000000005484,05484
000000005483,05483
000000005482,05482
000000005481,05481
000000005480,05480
000000005479,05479
000000005478,05478
000000005477,05477
000000005476,05476
000000005475,05475
000000005474,05474
000000005473,05473
000000005472,05472
000000005471,05471
000000005470,05470
000000005469,05469
000000005468,05468
000000005467,05467
000000005466,05466
000000005465,05465
000000005464,05464
000000005463,05463
000000005462,05462
000000005461,05461
000000005460,05460
000000005459,05459
000000005458,05458
000000005457,05457
000000005456,05456
000000005455,05455
000000005454,05454
000000005453,05453
000000005452,05452
000000005451,05451
000000005450,05450
000000005449,05449
000000005448,05448
000000005447,05447
000000005446,05446
000000005445,05445
000000005444,05444
000000005443,05443
000000005442,05442
000000005441,05441
000000005440,05440
000000005439,05439
000000005438,05438
000000005437,05437
000000005436,05436
000000005435,05435
000000005434,05434
000000005433,05433
000000005432,05432
000000005431,05431
000000005430,05430
000000005429,05429
000000005428,05428
000000005427,05427
000000005426,05426
000000005425,05425
000000005424,05424
000000005423,05423
000000005422,05422
000000005421,05421
000000005420,05420
000000005419,05419
000000005418,05418
000000005417,05417
000000005416,05416
000000005415,05415
000000005414,05414
000000005413,05413
000000005412,05412
000000005411,05411
000000005410,05410
000000005409,05409
000000005408,05408
000000005407,05407
000000005406,05406
000000005405,05405
000000005404,05404
000000005403,05403
000000005402,05402
000000005401,05401
000000005400,05400
000000005399,05399
000000005398,05398
000000005397,05397
000000005396,05396
000000005395,05395
000000005394,05394
000000005393,05393
000000005392,05392
000000005391,05391
000000005390,05390
000000005389,05389
000000005388,05388
000000005387,05387
000000005386,05386
000000005385,05385
000000005384,05384
000000005383,05383
000000005382,05382
000000005381,05381
000000005380,05380
000000005379,05379
000000005378,05378
000000005377,05377
000000005376,05376
000000005375,05375
000000005374,05374
000000005373,05373
000000005372,05372
000000005371,05371
000000005370,05370
000000005369,05369
000000005368,05368
000000005367,05367
000000005366,05366
000000005365,05365
000000005364,05364
000000005363,05363
000000005362,05362
000000005361,05361
000000005360,05360
000000005359,05359
000000005358,05358
000000005357,05357
000000005356,05356
000000005355,05355
000000005354,05354
000000005353,05353
000000005352,05352
000000005351,05351
000000005350,05350
000000005349,05349
000000005348,05348
000000005347,05347
000000005346,05346
000000005345,05345
000000005344,05344
000000005343,05343
000000005342,05342
000000005341,05341
000000005340,05340
000000005339,05339
000000005338,05338
000000005337,05337
000000005336,05336
000000005335,05335
000000005334,05334
000000005333,05333
000000005332,05332
000000005331,05331
000000005330,05330
000000005329,05329
000000005328,05328
000000005327,05327
000000005326,05326
000000005325,05325
000000005324,05324
000000005323,05323
000000005322,05322
000000005321,05321
000000005320,05320
000000005319,05319
000000005318,05318
000000005317,05317
000000005316,05316
000000005315,05315
000000005314,05314
000000005313,05313
000000005312,05312
000000005311,05311
000000005310,05310
000000005309,05309
000000005308,05308
000000005307,05307
000000005306,05306
000000005305,05305
000000005304,05304
000000005303,05303
000000005302,05302
000000005301,05301
000000005300,05300
000000005299,05299
000000005298,05298
000000005297,05297
000000005296,05296
000000005295,05295
000000005294,05294
000000005293,05293
000000005292,05292
000000005291,05291
000000005290,05290
000000005289,05289
000000005288,05288
000000005287,05287
000000005286,05286
000000005285,05285
000000005284,05284
000000005283,05283
000000005282,05282
000000005281,05281
000000005280,05280
000000005279,05279
000000005278,05278
000000005277,05277
000000005276,05276
000000005275,05275
000000005274,05274
000000005273,05273
000000005272,05272
000000005271,05271
000000005270,05270
000000005269,05269
000000005268,05268
000000005267,05267
000000005266,05266
000000005265,05265
000000005264,05264
000000005263,05263
000000005262,05262
000000005261,05261
000000005260,05260
000000005259,05259
000000005258,05258
000000005257,05257
000000005256,05256
000000005255,05255
000000005254,05254
000000005253,05253
000000005252,05252
000000005251,05251
000000005250,05250
000000005249,05249
000000005248,05248
000000005247,05247
000000005246,05246
000000005245,05245
000000005244,05244
000000005243,05243
000000005242,05242
000000005241,05241
000000005240,05240
000000005239,05239
000000005238,05238
000000005237,05237
000000005236,05236
000000005235,05235
000000005234,05234
000000005233,05233
000000005232,05232
000000005231,05231
000000005230,05230
000000005229,05229
000000005228,05228
000000005227,05227
000000005226,05226
000000005225,05225
000000005224,05224
000000005223,05223
000000005222,05222
000000005221,05221
000000005220,05220
000000005219,05219
000000005218,05218
000000005217,05217
000000005216,05216
000000005215,05215
000000005214,05214
000000005213,05213
000000005212,05212
000000005211,05211
000000005210,05210
000000005209,05209
000000005208,05208
000000005207,05207
000000005206,05206
000000005205,05205
000000005204,05204
000000005203,05203
000000005202,05202
000000005201,05201
000000005200,05200
000000005199,05199
000000005198,05198
000000005197,05197
000000005196,05196
000000005195,05195
000000005194,05194
000000005193,05193
000000005192,05192
000000005191,05191
000000005190,05190
000000005189,05189
000000005188,05188
000000005187,05187
000000005186,05186
000000005185,05185
000000005184,05184
000000005183,05183
000000005182,05182
000000005181,05181
000000005180,05180
000000005179,05179
000000005178,05178
000000005177,05177
000000005176,05176
000000005175,05175
000000005174,05174
000000005173,05173
000000005172,05172
000000005171,05171
000000005170,05170
000000005169,05169
000000005168,05168
000000005167,05167
000000005166,05166
000000005165,05165
000000005164,05164
000000005163,05163
000000005162,05162
000000005161,05161
000000005160,05160
000000005159,05159
000000005158,05158
000000005157,05157
000000005156,05156
000000005155,05155
000000005154,05154
000000005153,05153
000000005152,05152
000000005151,05151
000000005150,05150
000000005149,05149
000000005148,05148
000000005147,05147
000000005146,05146
000000005145,05145
000000005144,05144
000000005143,05143
000000005142,05142
000000005141,05141
000000005140,05140
000000005139,05139
000000005138,05138
000000005137,05137
000000005136,05136
000000005135,05135
000000005134,05134
000000005133,05133
000000005132,05132
000000005131,05131
000000005130,05130
000000005129,05129
000000005128,05128
000000005127,05127
000000005126,05126
000000005125,05125
000000005124,05124
000000005123,05123
000000005122,05122
000000005121,05121
000000005120,05120
000000005119,05119
000000005118,05118
000000005117,05117
000000005116,05116
000000005115,05115
000000005114,05114
000000005113,05113
000000005112,05112
000000005111,05111
000000005110,05110
000000005109,05109
000000005108,05108
000000005107,05107
000000005106,05106
000000005105,05105
000000005104,05104
000000005103,05103
000000005102,05102
000000005101,05101
000000005100,05100
000000005099,05099
000000005098,05098
000000005097,05097
000000005096,05096
000000005095,05095
000000005094,05094
000000005093,05093
000000005092,05092
000000005091,05091
000000005090,05090
000000005089,05089
000000005088,05088
000000005087,05087
000000005086,05086
000000005085,05085
000000005084,05084
000000005083,05083
000000005082,05082
000000005081,05081
000000005080,05080
000000005079,05079
000000005078,05078
000000005077,05077
000000005076,05076
000000005075,05075
000000005074,05074
000000005073,05073
000000005072,05072
000000005071,05071
000000005070,05070
000000005069,05069
000000005068,05068
000000005067,05067
000000005066,05066
000000005065,05065
000000005064,05064
000000005063,05063
000000005062,05062
000000005061,05061
000000005060,05060
000000005059,05059
000000005058,05058
000000005057,05057
000000005056,05056
000000005055,05055
000000005054,05054
000000005053,05053
000000005052,05052
000000005051,05051
000000005050,05050
000000005049,05049
000000005048,05048
000000005047,05047
000000005046,05046
000000005045,05045
000000005044,05044
000000005043,05043
000000005042,05042
000000005041,05041
000000005040,05040
000000005039,05039
000000005038,05038
000000005037,05037
000000005036,05036
000000005035,05035
000000005034,05034
000000005033,05033
000000005032,05032
000000005031,05031
000000005030,05030
000000005029,05029
000000005028,05028
000000005027,05027
000000005026,05026
000000005025,05025
000000005024,05024
000000005023,05023
000000005022,05022
000000005021,05021
000000005020,05020
000000005019,05019
000000005018,05018
000000005017,05017
000000005016,05016
000000005015,05015
000000005014,05014
000000005013,05013
000000005012,05012
000000005011,05011
000000005010,05010
000000005009,05009
000000005008,05008
000000005007,05007
000000005006,05006
000000005005,05005
000000005004,05004
000000005003,05003
000000005002,05002
000000005001,05001
000000005000,05000
000000004999,04999
000000004998,04998
000000004997,04997
000000004996,04996
000000004995,04995
000000004994,04994
000000004993,04993
000000004992,04992
000000004991,04991
000000004990,04990
000000004989,04989
000000004988,04988
000000004987,04987
000000004986,04986
000000004985,04985
000000004984,04984
000000004983,04983
000000004982,04982
000000004981,04981
000000004980,04980
000000004979,04979
000000004978,04978
000000004977,04977
000000004976,04976
000000004975,04975
000000004974,04974
000000004973,04973
000000004972,04972
000000004971,04971
000000004970,04970
000000004969,04969
000000004968,04968
000000004967,04967
000000004966,04966
000000004965,04965
000000004964,04964
000000004963,04963
000000004962,04962
000000004961,04961
000000004960,04960
000000004959,04959
000000004958,04958
000000004957,04957
000000004956,04956
000000004955,04955
000000004954,04954
000000004953,04953
000000004952,04952
000000004951,04951
000000004950,04950
000000004949,04949
000000004948,04948
000000004947,04947
000000004946,04946
000000004945,04945
000000004944,04944
000000004943,04943
000000004942,04942
000000004941,04941
000000004940,04940
000000004939,04939
000000004938,04938
000000004937,04937
000000004936,04936
000000004935,04935
000000004934,04934
000000004933,04933
000000004932,04932
000000004931,04931
000000004930,04930
000000004929,04929
000000004928,04928
000000004927,04927
000000004926,04926
000000004925,04925
000000004924,04924
000000004923,04923
000000004922,04922
000000004921,04921
000000004920,04920
000000004919,04919
000000004918,04918
000000004917,04917
000000004916,04916
000000004915,04915
000000004914,04914
000000004913,04913
000000004912,04912
000000004911,04911
000000004910,04910
000000004909,04909
000000004908,04908
000000004907,04907
000000004906,04906
000000004905,04905
000000004904,04904
000000004903,04903
000000004902,04902
000000004901,04901
000000004900,04900
000000004899,04899
000000004898,04898
000000004897,04897
000000004896,04896
000000004895,04895
000000004894,04894
000000004893,04893
000000004892,04892
000000004891,04891
000000004890,04890
000000004889,04889
000000004888,04888
000000004887,04887
000000004886,04886
000000004885,04885
000000004884,04884
000000004883,04883
000000004882,04882
000000004881,04881
000000004880,04880
000000004879,04879
000000004878,04878
000000004877,04877
000000004876,04876
000000004875,04875
000000004874,04874
000000004873,04873
000000004872,04872
000000004871,04871
000000004870,04870
000000004869,04869
000000004868,04868
000000004867,04867
000000004866,04866
000000004865,04865
000000004864,04864
000000004863,04863
000000004862,04862
000000004861,04861
000000004860,04860
000000004859,04859
000000004858,04858
000000004857,04857
000000004856,04856
000000004855,04855
000000004854,04854
000000004853,04853
000000004852,04852
000000004851,04851
000000004850,04850
000000004849,04849
000000004848,04848
000000004847,04847
000000004846,04846
000000004845,04845
000000004844,04844
000000004843,04843
000000004842,04842
000000004841,04841
000000004840,04840
000000004839,04839
000000004838,04838
000000004837,04837
000000004836,04836
000000004835,04835
000000004834,04834
000000004833,04833
000000004832,04832
000000004831,04831
000000004830,04830
000000004829,04829
000000004828,04828
000000004827,04827
000000004826,04826
000000004825,04825
000000004824,04824
000000004823,04823
000000004822,04822
000000004821,04821
000000004820,04820
000000004819,04819
000000004818,04818
000000004817,04817
000000004816,04816
000000004815,04815
000000004814,04814
000000004813,04813
000000004812,04812
000000004811,04811
000000004810,04810
000000004809,04809
000000004808,04808
000000004807,04807
000000004806,04806
000000004805,04805
000000004804,04804
000000004803,04803
000000004802,04802
000000004801,04801
000000004800,04800
000000004799,04799
000000004798,04798
000000004797,04797
000000004796,04796
000000004795,04795
000000004794,04794
000000004793,04793
000000004792,04792
000000004791,04791
000000004790,04790
000000004789,04789
000000004788,04788
000000004787,04787
000000004786,04786
000000004785,04785
000000004784,04784
000000004783,04783
000000004782,04782
000000004781,04781
000000004780,04780
000000004779,04779
000000004778,04778
000000004777,04777
000000004776,04776
000000004775,04775
000000004774,04774
000000004773,04773
000000004772,04772
000000004771,04771
000000004770,04770
000000004769,04769
000000004768,04768
000000004767,04767
000000004766,04766
000000004765,04765
000000004764,04764
000000004763,04763
000000004762,04762
000000004761,04761
000000004760,04760
000000004759,04759
000000004758,04758
000000004757,04757
000000004756,04756
000000004755,04755
000000004754,04754
000000004753,04753
000000004752,04752
000000004751,04751
000000004750,04750
000000004749,04749
000000004748,04748
000000004747,04747
000000004746,04746
000000004745,04745
000000004744,04744
000000004743,04743
000000004742,04742
000000004741,04741
000000004740,04740
000000004739,04739
000000004738,04738
000000004737,04737
000000004736,04736
000000004735,04735
000000004734,04734
000000004733,04733
000000004732,04732
000000004731,04731
000000004730,04730
000000004729,04729
000000004728,04728
000000004727,04727
000000004726,04726
000000004725,04725
000000004724,04724
000000004723,04723
000000004722,04722
000000004721,04721
000000004720,04720
000000004719,04719
000000004718,04718
000000004717,04717
000000004716,04716
000000004715,04715
000000004714,04714
000000004713,04713
000000004712,04712
000000004711,04711
000000004710,04710
000000004709,04709
000000004708,04708
000000004707,04707
000000004706,04706
000000004705,04705
000000004704,04704
000000004703,04703
000000004702,04702
000000004701,04701
000000004700,04700
000000004699,04699
000000004698,04698
000000004697,04697
000000004696,04696
000000004695,04695
000000004694,04694
000000004693,04693
000000004692,04692
000000004691,04691
000000004690,04690
000000004689,04689
000000004688,04688
000000004687,04687
000000004686,04686
000000004685,04685
000000004684,04684
000000004683,04683
000000004682,04682
000000004681,04681
000000004680,04680
000000004679,04679
000000004678,04678
000000004677,04677
000000004676,04676
000000004675,04675
000000004674,04674
000000004673,04673
000000004672,04672
000000004671,04671
000000004670,04670
000000004669,04669
000000004668,04668
000000004667,04667
000000004666,04666
000000004665,04665
000000004664,04664
000000004663,04663
000000004662,04662
000000004661,04661
000000004660,04660
000000004659,04659
000000004658,04658
000000004657,04657
000000004656,04656
000000004655,04655
000000004654,04654
000000004653,04653
000000004652,04652
000000004651,04651
000000004650,04650
000000004649,04649
000000004648,04648
000000004647,04647
000000004646,04646
000000004645,04645
000000004644,04644
000000004643,04643
000000004642,04642
000000004641,04641
000000004640,04640
000000004639,04639
000000004638,04638
000000004637,04637
000000004636,04636
000000004635,04635
000000004634,04634
000000004633,04633
000000004632,04632
000000004631,04631
000000004630,04630
000000004629,04629
000000004628,04628
000000004627,04627
000000004626,04626
000000004625,04625
000000004624,04624
000000004623,04623
000000004622,04622
000000004621,04621
000000004620,04620
000000004619,04619
000000004618,04618
000000004617,04617
000000004616,04616
000000004615,04615
000000004614,04614
000000004613,04613
000000004612,04612
000000004611,04611
000000004610,04610
000000004609,04609
000000004608,04608
000000004607,04607
000000004606,04606
000000004605,04605
000000004604,04604
000000004603,04603
000000004602,04602
000000004601,04601
000000004600,04600
000000004599,04599
000000004598,04598
000000004597,04597
000000004596,04596
000000004595,04595
000000004594,04594
000000004593,04593
000000004592,04592
000000004591,04591
000000004590,04590
000000004589,04589
000000004588,04588
000000004587,04587
000000004586,04586
000000004585,04585
000000004584,04584
000000004583,04583
000000004582,04582
000000004581,04581
000000004580,04580
000000004579,04579
000000004578,04578
000000004577,04577
000000004576,04576
000000004575,04575
000000004574,04574
000000004573,04573
000000004572,04572
000000004571,04571
000000004570,04570
000000004569,04569
000000004568,04568
000000004567,04567
000000004566,04566
000000004565,04565
000000004564,04564
000000004563,04563
000000004562,04562
000000004561,04561
000000004560,04560
000000004559,04559
000000004558,04558
000000004557,04557
000000004556,04556
000000004555,04555
000000004554,04554
000000004553,04553
000000004552,04552
000000004551,04551
000000004550,04550
000000004549,04549
000000004548,04548
000000004547,04547
000000004546,04546
000000004545,04545
000000004544,04544
000000004543,04543
000000004542,04542
000000004541,04541
000000004540,04540
000000004539,04539
000000004538,04538
000000004537,04537
000000004536,04536
000000004535,04535
000000004534,04534
000000004533,04533
000000004532,04532
000000004531,04531
000000004530,04530
000000004529,04529
000000004528,04528
000000004527,04527
000000004526,04526
000000004525,04525
000000004524,04524
000000004523,04523
000000004522,04522
000000004521,04521
000000004520,04520
000000004519,04519
000000004518,04518
000000004517,04517
000000004516,04516
000000004515,04515
000000004514,04514
000000004513,04513
000000004512,04512
000000004511,04511
000000004510,04510
000000004509,04509
000000004508,04508
000000004507,04507
000000004506,04506
000000004505,04505
000000004504,04504
000000004503,04503
000000004502,04502
000000004501,04501
000000004500,04500
000000004499,04499
000000004498,04498
000000004497,04497
000000004496,04496
000000004495,04495
000000004494,04494
000000004493,04493
000000004492,04492
000000004491,04491
000000004490,04490
000000004489,04489
000000004488,04488
000000004487,04487
000000004486,04486
000000004485,04485
000000004484,04484
000000004483,04483
000000004482,04482
000000004481,04481
000000004480,04480
000000004479,04479
000000004478,04478
000000004477,04477
000000004476,04476
000000004475,04475
000000004474,04474
000000004473,04473
000000004472,04472
000000004471,04471
000000004470,04470
000000004469,04469
000000004468,04468
000000004467,04467
000000004466,04466
000000004465,04465
000000004464,04464
000000004463,04463
000000004462,04462
000000004461,04461
000000004460,04460
000000004459,04459
000000004458,04458
000000004457,04457
000000004456,04456
000000004455,04455
000000004454,04454
000000004453,04453
000000004452,04452
000000004451,04451
000000004450,04450
000000004449,04449
000000004448,04448
000000004447,04447
000000004446,04446
000000004445,04445
000000004444,04444
000000004443,04443
000000004442,04442
000000004441,04441
000000004440,04440
000000004439,04439
000000004438,04438
000000004437,04437
000000004436,04436
000000004435,04435
000000004434,04434
000000004433,04433
000000004432,04432
000000004431,04431
000000004430,04430
000000004429,04429
000000004428,04428
000000004427,04427
000000004426,04426
000000004425,04425
000000004424,04424
000000004423,04423
000000004422,04422
000000004421,04421
000000004420,04420
000000004419,04419
000000004418,04418
000000004417,04417
000000004416,04416
000000004415,04415
000000004414,04414
000000004413,04413
000000004412,04412
000000004411,04411
000000004410,04410
000000004409,04409
000000004408,04408
000000004407,04407
000000004406,04406
000000004405,04405
000000004404,04404
000000004403,04403
000000004402,04402
000000004401,04401
000000004400,04400
000000004399,04399
000000004398,04398
000000004397,04397
000000004396,04396
000000004395,04395
000000004394,04394
000000004393,04393
000000004392,04392
000000004391,04391
000000004390,04390
000000004389,04389
000000004388,04388
000000004387,04387
000000004386,04386
000000004385,04385
000000004384,04384
000000004383,04383
000000004382,04382
000000004381,04381
000000004380,04380
000000004379,04379
000000004378,04378
000000004377,04377
000000004376,04376
000000004375,04375
000000004374,04374
000000004373,04373
000000004372,04372
000000004371,04371
000000004370,04370
000000004369,04369
000000004368,04368
000000004367,04367
000000004366,04366
000000004365,04365
000000004364,04364
000000004363,04363
000000004362,04362
000000004361,04361
000000004360,04360
000000004359,04359
000000004358,04358
000000004357,04357
000000004356,04356
000000004355,04355
000000004354,04354
000000004353,04353
000000004352,04352
000000004351,04351
000000004350,04350
000000004349,04349
000000004348,04348
000000004347,04347
000000004346,04346
000000004345,04345
000000004344,04344
000000004343,04343
000000004342,04342
000000004341,04341
000000004340,04340
000000004339,04339
000000004338,04338
000000004337,04337
000000004336,04336
000000004335,04335
000000004334,04334
000000004333,04333
000000004332,04332
000000004331,04331
000000004330,04330
000000004329,04329
000000004328,04328
000000004327,04327
000000004326,04326
000000004325,04325
000000004324,04324
000000004323,04323
000000004322,04322
000000004321,04321
000000004320,04320
000000004319,04319
000000004318,04318
000000004317,04317
000000004316,04316
000000004315,04315
000000004314,04314
000000004313,04313
000000004312,04312
000000004311,04311
000000004310,04310
000000004309,04309
000000004308,04308
000000004307,04307
000000004306,04306
000000004305,04305
000000004304,04304
000000004303,04303
000000004302,04302
000000004301,04301
000000004300,04300
000000004299,04299
000000004298,04298
000000004297,04297
000000004296,04296
000000004295,04295
000000004294,04294
000000004293,04293
000000004292,04292
000000004291,04291
000000004290,04290
000000004289,04289
000000004288,04288
000000004287,04287
000000004286,04286
000000004285,04285
000000004284,04284
000000004283,04283
000000004282,04282
000000004281,04281
000000004280,04280
000000004279,04279
000000004278,04278
000000004277,04277
000000004276,04276
000000004275,04275
000000004274,04274
000000004273,04273
000000004272,04272
000000004271,04271
000000004270,04270
000000004269,04269
000000004268,04268
000000004267,04267
000000004266,04266
000000004265,04265
000000004264,04264
000000004263,04263
000000004262,04262
000000004261,04261
000000004260,04260
000000004259,04259
000000004258,04258
000000004257,04257
000000004256,04256
000000004255,04255
000000004254,04254
000000004253,04253
000000004252,04252
000000004251,04251
000000004250,04250
000000004249,04249
000000004248,04248
000000004247,04247
000000004246,04246
000000004245,04245
000000004244,04244
000000004243,04243
000000004242,04242
000000004241,04241
000000004240,04240
000000004239,04239
000000004238,04238
000000004237,04237
000000004236,04236
000000004235,04235
000000004234,04234
000000004233,04233
000000004232,04232
000000004231,04231
000000004230,04230
000000004229,04229
000000004228,04228
000000004227,04227
000000004226,04226
000000004225,04225
000000004224,04224
000000004223,04223
000000004222,04222
000000004221,04221
000000004220,04220
000000004219,04219
000000004218,04218
000000004217,04217
000000004216,04216
000000004215,04215
000000004214,04214
000000004213,04213
000000004212,04212
000000004211,04211
000000004210,04210
000000004209,04209
000000004208,04208
000000004207,04207
000000004206,04206
000000004205,04205
000000004204,04204
000000004203,04203
000000004202,04202
000000004201,04201
000000004200,04200
000000004199,04199
000000004198,04198
000000004197,04197
000000004196,04196
000000004195,04195
000000004194,04194
000000004193,04193
000000004192,04192
000000004191,04191
000000004190,04190
000000004189,04189
000000004188,04188
000000004187,04187
000000004186,04186
000000004185,04185
000000004184,04184
000000004183,04183
000000004182,04182
000000004181,04181
000000004180,04180
000000004179,04179
000000004178,04178
000000004177,04177
000000004176,04176
000000004175,04175
000000004174,04174
000000004173,04173
000000004172,04172
000000004171,04171
000000004170,04170
000000004169,04169
000000004168,04168
000000004167,04167
000000004166,04166
000000004165,04165
000000004164,04164
000000004163,04163
000000004162,04162
000000004161,04161
000000004160,04160
000000004159,04159
000000004158,04158
000000004157,04157
000000004156,04156
000000004155,04155
000000004154,04154
000000004153,04153
000000004152,04152
000000004151,04151
000000004150,04150
000000004149,04149
000000004148,04148
000000004147,04147
000000004146,04146
000000004145,04145
000000004144,04144
000000004143,04143
000000004142,04142
000000004141,04141
000000004140,04140
000000004139,04139
000000004138,04138
000000004137,04137
000000004136,04136
000000004135,04135
000000004134,04134
000000004133,04133
000000004132,04132
000000004131,04131
000000004130,04130
000000004129,04129
000000004128,04128
000000004127,04127
000000004126,04126
000000004125,04125
000000004124,04124
000000004123,04123
000000004122,04122
000000004121,04121
000000004120,04120
000000004119,04119
000000004118,04118
000000004117,04117
000000004116,04116
000000004115,04115
000000004114,04114
000000004113,04113
000000004112,04112
000000004111,04111
000000004110,04110
000000004109,04109
000000004108,04108
000000004107,04107
000000004106,04106
000000004105,04105
000000004104,04104
000000004103,04103
000000004102,04102
000000004101,04101
000000004100,04100
000000004099,04099
000000004098,04098
000000004097,04097
000000004096,04096
000000004095,04095
000000004094,04094
000000004093,04093
000000004092,04092
000000004091,04091
000000004090,04090
000000004089,04089
000000004088,04088
000000004087,04087
000000004086,04086
000000004085,04085
000000004084,04084
000000004083,04083
000000004082,04082
000000004081,04081
000000004080,04080
000000004079,04079
000000004078,04078
000000004077,04077
000000004076,04076
000000004075,04075
000000004074,04074
000000004073,04073
000000004072,04072
000000004071,04071
000000004070,04070
000000004069,04069
000000004068,04068
000000004067,04067
000000004066,04066
000000004065,04065
000000004064,04064
000000004063,04063
000000004062,04062
000000004061,04061
000000004060,04060
000000004059,04059
000000004058,04058
000000004057,04057
000000004056,04056
000000004055,04055
000000004054,04054
000000004053,04053
000000004052,04052
000000004051,04051
000000004050,04050
000000004049,04049
000000004048,04048
000000004047,04047
000000004046,04046
000000004045,04045
000000004044,04044
000000004043,04043
000000004042,04042
000000004041,04041
000000004040,04040
000000004039,04039
000000004038,04038
000000004037,04037
000000004036,04036
000000004035,04035
000000004034,04034
000000004033,04033
000000004032,04032
000000004031,04031
000000004030,04030
000000004029,04029
000000004028,04028
000000004027,04027
000000004026,04026
000000004025,04025
000000004024,04024
000000004023,04023
000000004022,04022
000000004021,04021
000000004020,04020
000000004019,04019
000000004018,04018
000000004017,04017
000000004016,04016
000000004015,04015
000000004014,04014
000000004013,04013
000000004012,04012
000000004011,04011
000000004010,04010
000000004009,04009
000000004008,04008
000000004007,04007
000000004006,04006
000000004005,04005
000000004004,04004
000000004003,04003
000000004002,04002
000000004001,04001
000000004000,04000
000000003999,03999
000000003998,03998
000000003997,03997
000000003996,03996
000000003995,03995
000000003994,03994
000000003993,03993
000000003992,03992
000000003991,03991
000000003990,03990
000000003989,03989
000000003988,03988
000000003987,03987
000000003986,03986
000000003985,03985
000000003984,03984
000000003983,03983
000000003982,03982
000000003981,03981
000000003980,03980
000000003979,03979
000000003978,03978
000000003977,03977
000000003976,03976
000000003975,03975
000000003974,03974
000000003973,03973
000000003972,03972
000000003971,03971
000000003970,03970
000000003969,03969
000000003968,03968
000000003967,03967
000000003966,03966
000000003965,03965
000000003964,03964
000000003963,03963
000000003962,03962
000000003961,03961
000000003960,03960
000000003959,03959
000000003958,03958
000000003957,03957
000000003956,03956
000000003955,03955
000000003954,03954
000000003953,03953
000000003952,03952
000000003951,03951
000000003950,03950
000000003949,03949
000000003948,03948
000000003947,03947
000000003946,03946
000000003945,03945
000000003944,03944
000000003943,03943
000000003942,03942
000000003941,03941
000000003940,03940
000000003939,03939
000000003938,03938
000000003937,03937
000000003936,03936
000000003935,03935
000000003934,03934
000000003933,03933
000000003932,03932
000000003931,03931
000000003930,03930
000000003929,03929
000000003928,03928
000000003927,03927
000000003926,03926
000000003925,03925
000000003924,03924
000000003923,03923
000000003922,03922
000000003921,03921
000000003920,03920
000000003919,03919
000000003918,03918
000000003917,03917
000000003916,03916
000000003915,03915
000000003914,03914
000000003913,03913
000000003912,03912
000000003911,03911
000000003910,03910
000000003909,03909
000000003908,03908
000000003907,03907
000000003906,03906
000000003905,03905
000000003904,03904
000000003903,03903
000000003902,03902
000000003901,03901
000000003900,03900
000000003899,03899
000000003898,03898
000000003897,03897
000000003896,03896
000000003895,03895
000000003894,03894
000000003893,03893
000000003892,03892
000000003891,03891
000000003890,03890
000000003889,03889
000000003888,03888
000000003887,03887
000000003886,03886
000000003885,03885
000000003884,03884
000000003883,03883
000000003882,03882
000000003881,03881
000000003880,03880
000000003879,03879
000000003878,03878
000000003877,03877
000000003876,03876
000000003875,03875
000000003874,03874
000000003873,03873
000000003872,03872
000000003871,03871
000000003870,03870
000000003869,03869
000000003868,03868
000000003867,03867
000000003866,03866
000000003865,03865
000000003864,03864
000000003863,03863
000000003862,03862
000000003861,03861
000000003860,03860
000000003859,03859
000000003858,03858
000000003857,03857
000000003856,03856
000000003855,03855
000000003854,03854
000000003853,03853
000000003852,03852
000000003851,03851
000000003850,03850
000000003849,03849
000000003848,03848
000000003847,03847
000000003846,03846
000000003845,03845
000000003844,03844
000000003843,03843
000000003842,03842
000000003841,03841
000000003840,03840
000000003839,03839
000000003838,03838
000000003837,03837
000000003836,03836
000000003835,03835
000000003834,03834
000000003833,03833
000000003832,03832
000000003831,03831
000000003830,03830
000000003829,03829
000000003828,03828
000000003827,03827
000000003826,03826
000000003825,03825
000000003824,03824
000000003823,03823
000000003822,03822
000000003821,03821
000000003820,03820
000000003819,03819
000000003818,03818
000000003817,03817
000000003816,03816
000000003815,03815
000000003814,03814
000000003813,03813
000000003812,03812
000000003811,03811
000000003810,03810
000000003809,03809
000000003808,03808
000000003807,03807
000000003806,03806
000000003805,03805
000000003804,03804
000000003803,03803
000000003802,03802
000000003801,03801
000000003800,03800
000000003799,03799
000000003798,03798
000000003797,03797
000000003796,03796
000000003795,03795
000000003794,03794
000000003793,03793
000000003792,03792
000000003791,03791
000000003790,03790
000000003789,03789
000000003788,03788
000000003787,03787
000000003786,03786
000000003785,03785
000000003784,03784
000000003783,03783
000000003782,03782
000000003781,03781
000000003780,03780
000000003779,03779
000000003778,03778
000000003777,03777
000000003776,03776
000000003775,03775
000000003774,03774
000000003773,03773
000000003772,03772
000000003771,03771
000000003770,03770
000000003769,03769
000000003768,03768
000000003767,03767
000000003766,03766
000000003765,03765
000000003764,03764
000000003763,03763
000000003762,03762
000000003761,03761
000000003760,03760
000000003759,03759
000000003758,03758
000000003757,03757
000000003756,03756
000000003755,03755
000000003754,03754
000000003753,03753
000000003752,03752
000000003751,03751
000000003750,03750
000000003749,03749
000000003748,03748
000000003747,03747
000000003746,03746
000000003745,03745
000000003744,03744
000000003743,03743
000000003742,03742
000000003741,03741
000000003740,03740
000000003739,03739
000000003738,03738
000000003737,03737
000000003736,03736
000000003735,03735
000000003734,03734
000000003733,03733
000000003732,03732
000000003731,03731
000000003730,03730
000000003729,03729
000000003728,03728
000000003727,03727
000000003726,03726
000000003725,03725
000000003724,03724
000000003723,03723
000000003722,03722
000000003721,03721
000000003720,03720
000000003719,03719
000000003718,03718
000000003717,03717
000000003716,03716
000000003715,03715
000000003714,03714
000000003713,03713
000000003712,03712
000000003711,03711
000000003710,03710
000000003709,03709
000000003708,03708
000000003707,03707
000000003706,03706
000000003705,03705
000000003704,03704
000000003703,03703
000000003702,03702
000000003701,03701
000000003700,03700
000000003699,03699
000000003698,03698
000000003697,03697
000000003696,03696
000000003695,03695
000000003694,03694
000000003693,03693
000000003692,03692
000000003691,03691
000000003690,03690
000000003689,03689
000000003688,03688
000000003687,03687
000000003686,03686
000000003685,03685
000000003684,03684
000000003683,03683
000000003682,03682
000000003681,03681
000000003680,03680
000000003679,03679
000000003678,03678
000000003677,03677
000000003676,03676
000000003675,03675
000000003674,03674
000000003673,03673
000000003672,03672
000000003671,03671
000000003670,03670
000000003669,03669
000000003668,03668
000000003667,03667
000000003666,03666
000000003665,03665
000000003664,03664
000000003663,03663
000000003662,03662
000000003661,03661
000000003660,03660
000000003659,03659
000000003658,03658
000000003657,03657
000000003656,03656
000000003655,03655
000000003654,03654
000000003653,03653
000000003652,03652
000000003651,03651
000000003650,03650
000000003649,03649
000000003648,03648
000000003647,03647
000000003646,03646
000000003645,03645
000000003644,03644
000000003643,03643
000000003642,03642
000000003641,03641
000000003640,03640
000000003639,03639
000000003638,03638
000000003637,03637
000000003636,03636
000000003635,03635
000000003634,03634
000000003633,03633
000000003632,03632
000000003631,03631
000000003630,03630
000000003629,03629
000000003628,03628
000000003627,03627
000000003626,03626
000000003625,03625
000000003624,03624
000000003623,03623
000000003622,03622
000000003621,03621
000000003620,03620
000000003619,03619
000000003618,03618
000000003617,03617
000000003616,03616
000000003615,03615
000000003614,03614
000000003613,03613
000000003612,03612
000000003611,03611
000000003610,03610
000000003609,03609
000000003608,03608
000000003607,03607
000000003606,03606
000000003605,03605
000000003604,03604
000000003603,03603
000000003602,03602
000000003601,03601
000000003600,03600
000000003599,03599
000000003598,03598
000000003597,03597
000000003596,03596
000000003595,03595
000000003594,03594
000000003593,03593
000000003592,03592
000000003591,03591
000000003590,03590
000000003589,03589
000000003588,03588
000000003587,03587
000000003586,03586
000000003585,03585
000000003584,03584
000000003583,03583
000000003582,03582
000000003581,03581
000000003580,03580
000000003579,03579
000000003578,03578
000000003577,03577
000000003576,03576
000000003575,03575
000000003574,03574
000000003573,03573
000000003572,03572
000000003571,03571
000000003570,03570
000000003569,03569
000000003568,03568
000000003567,03567
000000003566,03566
000000003565,03565
000000003564,03564
000000003563,03563
000000003562,03562
000000003561,03561
000000003560,03560
000000003559,03559
000000003558,03558
000000003557,03557
000000003556,03556
000000003555,03555
000000003554,03554
000000003553,03553
000000003552,03552
000000003551,03551
000000003550,03550
000000003549,03549
000000003548,03548
000000003547,03547
000000003546,03546
000000003545,03545
000000003544,03544
000000003543,03543
000000003542,03542
000000003541,03541
000000003540,03540
000000003539,03539
000000003538,03538
000000003537,03537
000000003536,03536
000000003535,03535
000000003534,03534
000000003533,03533
000000003532,03532
000000003531,03531
000000003530,03530
000000003529,03529
000000003528,03528
000000003527,03527
000000003526,03526
000000003525,03525
000000003524,03524
000000003523,03523
000000003522,03522
000000003521,03521
000000003520,03520
000000003519,03519
000000003518,03518
000000003517,03517
000000003516,03516
000000003515,03515
000000003514,03514
000000003513,03513
000000003512,03512
000000003511,03511
000000003510,03510
000000003509,03509
000000003508,03508
000000003507,03507
000000003506,03506
000000003505,03505
000000003504,03504
000000003503,03503
000000003502,03502
000000003501,03501
000000003500,03500
000000003499,03499
000000003498,03498
000000003497,03497
000000003496,03496
000000003495,03495
000000003494,03494
000000003493,03493
000000003492,03492
000000003491,03491
000000003490,03490
000000003489,03489
000000003488,03488
000000003487,03487
000000003486,03486
000000003485,03485
000000003484,03484
000000003483,03483
000000003482,03482
000000003481,03481
000000003480,03480
000000003479,03479
000000003478,03478
000000003477,03477
000000003476,03476
000000003475,03475
000000003474,03474
000000003473,03473
000000003472,03472
000000003471,03471
000000003470,03470
000000003469,03469
000000003468,03468
000000003467,03467
000000003466,03466
000000003465,03465
000000003464,03464
000000003463,03463
000000003462,03462
000000003461,03461
000000003460,03460
000000003459,03459
000000003458,03458
000000003457,03457
000000003456,03456
000000003455,03455
000000003454,03454
000000003453,03453
000000003452,03452
000000003451,03451
000000003450,03450
000000003449,03449
000000003448,03448
000000003447,03447
000000003446,03446
000000003445,03445
000000003444,03444
000000003443,03443
000000003442,03442
000000003441,03441
000000003440,03440
000000003439,03439
000000003438,03438
000000003437,03437
000000003436,03436
000000003435,03435
000000003434,03434
000000003433,03433
000000003432,03432
000000003431,03431
000000003430,03430
000000003429,03429
000000003428,03428
000000003427,03427
000000003426,03426
000000003425,03425
000000003424,03424
000000003423,03423
000000003422,03422
000000003421,03421
000000003420,03420
000000003419,03419
000000003418,03418
000000003417,03417
000000003416,03416
000000003415,03415
000000003414,03414
000000003413,03413
000000003412,03412
000000003411,03411
000000003410,03410
000000003409,03409
000000003408,03408
000000003407,03407
000000003406,03406
000000003405,03405
000000003404,03404
000000003403,03403
000000003402,03402
000000003401,03401
000000003400,03400
000000003399,03399
000000003398,03398
000000003397,03397
000000003396,03396
000000003395,03395
000000003394,03394
000000003393,03393
000000003392,03392
000000003391,03391
000000003390,03390
000000003389,03389
000000003388,03388
000000003387,03387
000000003386,03386
000000003385,03385
000000003384,03384
000000003383,03383
000000003382,03382
000000003381,03381
000000003380,03380
000000003379,03379
000000003378,03378
000000003377,03377
000000003376,03376
000000003375,03375
000000003374,03374
000000003373,03373
000000003372,03372
000000003371,03371
000000003370,03370
000000003369,03369
000000003368,03368
000000003367,03367
000000003366,03366
000000003365,03365
000000003364,03364
000000003363,03363
000000003362,03362
000000003361,03361
000000003360,03360
000000003359,03359
000000003358,03358
000000003357,03357
000000003356,03356
000000003355,03355
000000003354,03354
000000003353,03353
000000003352,03352
000000003351,03351
000000003350,03350
000000003349,03349
000000003348,03348
000000003347,03347
000000003346,03346
000000003345,03345
000000003344,03344
000000003343,03343
000000003342,03342
000000003341,03341
000000003340,03340
000000003339,03339
000000003338,03338
000000003337,03337
000000003336,03336
000000003335,03335
000000003334,03334
000000003333,03333
000000003332,03332
000000003331,03331
000000003330,03330
000000003329,03329
000000003328,03328
000000003327,03327
000000003326,03326
000000003325,03325
000000003324,03324
000000003323,03323
000000003322,03322
000000003321,03321
000000003320,03320
000000003319,03319
000000003318,03318
000000003317,03317
000000003316,03316
000000003315,03315
000000003314,03314
000000003313,03313
000000003312,03312
000000003311,03311
000000003310,03310
000000003309,03309
000000003308,03308
000000003307,03307
000000003306,03306
000000003305,03305
000000003304,03304
000000003303,03303
000000003302,03302
000000003301,03301
000000003300,03300
000000003299,03299
000000003298,03298
000000003297,03297
000000003296,03296
000000003295,03295
000000003294,03294
000000003293,03293
000000003292,03292
000000003291,03291
000000003290,03290
000000003289,03289
000000003288,03288
000000003287,03287
000000003286,03286
000000003285,03285
000000003284,03284
000000003283,03283
000000003282,03282
000000003281,03281
000000003280,03280
000000003279,03279
000000003278,03278
000000003277,03277
000000003276,03276
000000003275,03275
000000003274,03274
000000003273,03273
000000003272,03272
000000003271,03271
000000003270,03270
000000003269,03269
000000003268,03268
000000003267,03267
000000003266,03266
000000003265,03265
000000003264,03264
000000003263,03263
000000003262,03262
000000003261,03261
000000003260,03260
000000003259,03259
000000003258,03258
000000003257,03257
000000003256,03256
000000003255,03255
000000003254,03254
000000003253,03253
000000003252,03252
000000003251,03251
000000003250,03250
000000003249,03249
000000003248,03248
000000003247,03247
000000003246,03246
000000003245,03245
000000003244,03244
000000003243,03243
000000003242,03242
000000003241,03241
000000003240,03240
000000003239,03239
000000003238,03238
000000003237,03237
000000003236,03236
000000003235,03235
000000003234,03234
000000003233,03233
000000003232,03232
000000003231,03231
000000003230,03230
000000003229,03229
000000003228,03228
000000003227,03227
000000003226,03226
000000003225,03225
000000003224,03224
000000003223,03223
000000003222,03222
000000003221,03221
000000003220,03220
000000003219,03219
000000003218,03218
000000003217,03217
000000003216,03216
000000003215,03215
000000003214,03214
000000003213,03213
000000003212,03212
000000003211,03211
000000003210,03210
000000003209,03209
000000003208,03208
000000003207,03207
000000003206,03206
000000003205,03205
000000003204,03204
000000003203,03203
000000003202,03202
000000003201,03201
000000003200,03200
000000003199,03199
000000003198,03198
000000003197,03197
000000003196,03196
000000003195,03195
000000003194,03194
000000003193,03193
000000003192,03192
000000003191,03191
000000003190,03190
000000003189,03189
000000003188,03188
000000003187,03187
000000003186,03186
000000003185,03185
000000003184,03184
000000003183,03183
000000003182,03182
000000003181,03181
000000003180,03180
000000003179,03179
000000003178,03178
000000003177,03177
000000003176,03176
000000003175,03175
000000003174,03174
000000003173,03173
000000003172,03172
000000003171,03171
000000003170,03170
000000003169,03169
000000003168,03168
000000003167,03167
000000003166,03166
000000003165,03165
000000003164,03164
000000003163,03163
000000003162,03162
000000003161,03161
000000003160,03160
000000003159,03159
000000003158,03158
000000003157,03157
000000003156,03156
000000003155,03155
000000003154,03154
000000003153,03153
000000003152,03152
000000003151,03151
000000003150,03150
000000003149,03149
000000003148,03148
000000003147,03147
000000003146,03146
000000003145,03145
000000003144,03144
000000003143,03143
000000003142,03142
000000003141,03141
000000003140,03140
000000003139,03139
000000003138,03138
000000003137,03137
000000003136,03136
000000003135,03135
000000003134,03134
000000003133,03133
000000003132,03132
000000003131,03131
000000003130,03130
000000003129,03129
000000003128,03128
000000003127,03127
000000003126,03126
000000003125,03125
000000003124,03124
000000003123,03123
000000003122,03122
000000003121,03121
000000003120,03120
000000003119,03119
000000003118,03118
000000003117,03117
000000003116,03116
000000003115,03115
000000003114,03114
000000003113,03113
000000003112,03112
000000003111,03111
000000003110,03110
000000003109,03109
000000003108,03108
000000003107,03107
000000003106,03106
000000003105,03105
000000003104,03104
000000003103,03103
000000003102,03102
000000003101,03101
000000003100,03100
000000003099,03099
000000003098,03098
000000003097,03097
000000003096,03096
000000003095,03095
000000003094,03094
000000003093,03093
000000003092,03092
000000003091,03091
000000003090,03090
000000003089,03089
000000003088,03088
000000003087,03087
000000003086,03086
000000003085,03085
000000003084,03084
000000003083,03083
000000003082,03082
000000003081,03081
000000003080,03080
000000003079,03079
000000003078,03078
000000003077,03077
000000003076,03076
000000003075,03075
000000003074,03074
000000003073,03073
000000003072,03072
000000003071,03071
000000003070,03070
000000003069,03069
000000003068,03068
000000003067,03067
000000003066,03066
000000003065,03065
000000003064,03064
000000003063,03063
000000003062,03062
000000003061,03061
000000003060,03060
000000003059,03059
000000003058,03058
000000003057,03057
000000003056,03056
000000003055,03055
000000003054,03054
000000003053,03053
000000003052,03052
000000003051,03051
000000003050,03050
000000003049,03049
000000003048,03048
000000003047,03047
000000003046,03046
000000003045,03045
000000003044,03044
000000003043,03043
000000003042,03042
000000003041,03041
000000003040,03040
000000003039,03039
000000003038,03038
000000003037,03037
000000003036,03036
000000003035,03035
000000003034,03034
000000003033,03033
000000003032,03032
000000003031,03031
000000003030,03030
000000003029,03029
000000003028,03028
000000003027,03027
000000003026,03026
000000003025,03025
000000003024,03024
000000003023,03023
000000003022,03022
000000003021,03021
000000003020,03020
000000003019,03019
000000003018,03018
000000003017,03017
000000003016,03016
000000003015,03015
000000003014,03014
000000003013,03013
000000003012,03012
000000003011,03011
000000003010,03010
000000003009,03009
000000003008,03008
000000003007,03007
000000003006,03006
000000003005,03005
000000003004,03004
000000003003,03003
000000003002,03002
000000003001,03001
000000003000,03000
000000002999,02999
000000002998,02998
000000002997,02997
000000002996,02996
000000002995,02995
000000002994,02994
000000002993,02993
000000002992,02992
000000002991,02991
000000002990,02990
000000002989,02989
000000002988,02988
000000002987,02987
000000002986,02986
000000002985,02985
000000002984,02984
000000002983,02983
000000002982,02982
000000002981,02981
000000002980,02980
000000002979,02979
000000002978,02978
000000002977,02977
000000002976,02976
000000002975,02975
000000002974,02974
000000002973,02973
000000002972,02972
000000002971,02971
000000002970,02970
000000002969,02969
000000002968,02968
000000002967,02967
000000002966,02966
000000002965,02965
000000002964,02964
000000002963,02963
000000002962,02962
000000002961,02961
000000002960,02960
000000002959,02959
000000002958,02958
000000002957,02957
000000002956,02956
000000002955,02955
000000002954,02954
000000002953,02953
000000002952,02952
000000002951,02951
000000002950,02950
000000002949,02949
000000002948,02948
000000002947,02947
000000002946,02946
000000002945,02945
000000002944,02944
000000002943,02943
000000002942,02942
000000002941,02941
000000002940,02940
000000002939,02939
000000002938,02938
000000002937,02937
000000002936,02936
000000002935,02935
000000002934,02934
000000002933,02933
000000002932,02932
000000002931,02931
000000002930,02930
000000002929,02929
000000002928,02928
000000002927,02927
000000002926,02926
000000002925,02925
000000002924,02924
000000002923,02923
000000002922,02922
000000002921,02921
000000002920,02920
000000002919,02919
000000002918,02918
000000002917,02917
000000002916,02916
000000002915,02915
000000002914,02914
000000002913,02913
000000002912,02912
000000002911,02911
000000002910,02910
000000002909,02909
000000002908,02908
000000002907,02907
000000002906,02906
000000002905,02905
000000002904,02904
000000002903,02903
000000002902,02902
000000002901,02901
000000002900,02900
000000002899,02899
000000002898,02898
000000002897,02897
000000002896,02896
000000002895,02895
000000002894,02894
000000002893,02893
000000002892,02892
000000002891,02891
000000002890,02890
000000002889,02889
000000002888,02888
000000002887,02887
000000002886,02886
000000002885,02885
000000002884,02884
000000002883,02883
000000002882,02882
000000002881,02881
000000002880,02880
000000002879,02879
000000002878,02878
000000002877,02877
000000002876,02876
000000002875,02875
000000002874,02874
000000002873,02873
000000002872,02872
000000002871,02871
000000002870,02870
000000002869,02869
000000002868,02868
000000002867,02867
000000002866,02866
000000002865,02865
000000002864,02864
000000002863,02863
000000002862,02862
000000002861,02861
000000002860,02860
000000002859,02859
000000002858,02858
000000002857,02857
000000002856,02856
000000002855,02855
000000002854,02854
000000002853,02853
000000002852,02852
000000002851,02851
000000002850,02850
000000002849,02849
000000002848,02848
000000002847,02847
000000002846,02846
000000002845,02845
000000002844,02844
000000002843,02843
000000002842,02842
000000002841,02841
000000002840,02840
000000002839,02839
000000002838,02838
000000002837,02837
000000002836,02836
000000002835,02835
000000002834,02834
000000002833,02833
000000002832,02832
000000002831,02831
000000002830,02830
000000002829,02829
000000002828,02828
000000002827,02827
000000002826,02826
000000002825,02825
000000002824,02824
000000002823,02823
000000002822,02822
000000002821,02821
000000002820,02820
000000002819,02819
000000002818,02818
000000002817,02817
000000002816,02816
000000002815,02815
000000002814,02814
000000002813,02813
000000002812,02812
000000002811,02811
000000002810,02810
000000002809,02809
000000002808,02808
000000002807,02807
000000002806,02806
000000002805,02805
000000002804,02804
000000002803,02803
000000002802,02802
000000002801,02801
000000002800,02800
000000002799,02799
000000002798,02798
000000002797,02797
000000002796,02796
000000002795,02795
000000002794,02794
000000002793,02793
000000002792,02792
000000002791,02791
000000002790,02790
000000002789,02789
000000002788,02788
000000002787,02787
000000002786,02786
000000002785,02785
000000002784,02784
000000002783,02783
000000002782,02782
000000002781,02781
000000002780,02780
000000002779,02779
000000002778,02778
000000002777,02777
000000002776,02776
000000002775,02775
000000002774,02774
000000002773,02773
000000002772,02772
000000002771,02771
000000002770,02770
000000002769,02769
000000002768,02768
000000002767,02767
000000002766,02766
000000002765,02765
000000002764,02764
000000002763,02763
000000002762,02762
000000002761,02761
000000002760,02760
000000002759,02759
000000002758,02758
000000002757,02757
000000002756,02756
000000002755,02755
000000002754,02754
000000002753,02753
000000002752,02752
000000002751,02751
000000002750,02750
000000002749,02749
000000002748,02748
000000002747,02747
000000002746,02746
000000002745,02745
000000002744,02744
000000002743,02743
000000002742,02742
000000002741,02741
000000002740,02740
000000002739,02739
000000002738,02738
000000002737,02737
000000002736,02736
000000002735,02735
000000002734,02734
000000002733,02733
000000002732,02732
000000002731,02731
000000002730,02730
000000002729,02729
000000002728,02728
000000002727,02727
000000002726,02726
000000002725,02725
000000002724,02724
000000002723,02723
000000002722,02722
000000002721,02721
000000002720,02720
000000002719,02719
000000002718,02718
000000002717,02717
000000002716,02716
000000002715,02715
000000002714,02714
000000002713,02713
000000002712,02712
000000002711,02711
000000002710,02710
000000002709,02709
000000002708,02708
000000002707,02707
000000002706,02706
000000002705,02705
000000002704,02704
000000002703,02703
000000002702,02702
000000002701,02701
000000002700,02700
000000002699,02699
000000002698,02698
000000002697,02697
000000002696,02696
000000002695,02695
000000002694,02694
000000002693,02693
000000002692,02692
000000002691,02691
000000002690,02690
000000002689,02689
000000002688,02688
000000002687,02687
000000002686,02686
000000002685,02685
000000002684,02684
000000002683,02683
000000002682,02682
000000002681,02681
000000002680,02680
000000002679,02679
000000002678,02678
000000002677,02677
000000002676,02676
000000002675,02675
000000002674,02674
000000002673,02673
000000002672,02672
000000002671,02671
000000002670,02670
000000002669,02669
000000002668,02668
000000002667,02667
000000002666,02666
000000002665,02665
000000002664,02664
000000002663,02663
000000002662,02662
000000002661,02661
000000002660,02660
000000002659,02659
000000002658,02658
000000002657,02657
000000002656,02656
000000002655,02655
000000002654,02654
000000002653,02653
000000002652,02652
000000002651,02651
000000002650,02650
000000002649,02649
000000002648,02648
000000002647,02647
000000002646,02646
000000002645,02645
000000002644,02644
000000002643,02643
000000002642,02642
000000002641,02641
000000002640,02640
000000002639,02639
000000002638,02638
000000002637,02637
000000002636,02636
000000002635,02635
000000002634,02634
000000002633,02633
000000002632,02632
000000002631,02631
000000002630,02630
000000002629,02629
000000002628,02628
000000002627,02627
000000002626,02626
000000002625,02625
000000002624,02624
000000002623,02623
000000002622,02622
000000002621,02621
000000002620,02620
000000002619,02619
000000002618,02618
000000002617,02617
000000002616,02616
000000002615,02615
000000002614,02614
000000002613,02613
000000002612,02612
000000002611,02611
000000002610,02610
000000002609,02609
000000002608,02608
000000002607,02607
000000002606,02606
000000002605,02605
000000002604,02604
000000002603,02603
000000002602,02602
000000002601,02601
000000002600,02600
000000002599,02599
000000002598,02598
000000002597,02597
000000002596,02596
000000002595,02595
000000002594,02594
000000002593,02593
000000002592,02592
000000002591,02591
000000002590,02590
000000002589,02589
000000002588,02588
000000002587,02587
000000002586,02586
000000002585,02585
000000002584,02584
000000002583,02583
000000002582,02582
000000002581,02581
000000002580,02580
000000002579,02579
000000002578,02578
000000002577,02577
000000002576,02576
000000002575,02575
000000002574,02574
000000002573,02573
000000002572,02572
000000002571,02571
000000002570,02570
000000002569,02569
000000002568,02568
000000002567,02567
000000002566,02566
000000002565,02565
000000002564,02564
000000002563,02563
000000002562,02562
000000002561,02561
000000002560,02560
000000002559,02559
000000002558,02558
000000002557,02557
000000002556,02556
000000002555,02555
000000002554,02554
000000002553,02553
000000002552,02552
000000002551,02551
000000002550,02550
000000002549,02549
000000002548,02548
000000002547,02547
000000002546,02546
000000002545,02545
000000002544,02544
000000002543,02543
000000002542,02542
000000002541,02541
000000002540,02540
000000002539,02539
000000002538,02538
000000002537,02537
000000002536,02536
000000002535,02535
000000002534,02534
000000002533,02533
000000002532,02532
000000002531,02531
000000002530,02530
000000002529,02529
000000002528,02528
000000002527,02527
000000002526,02526
000000002525,02525
000000002524,02524
000000002523,02523
000000002522,02522
000000002521,02521
000000002520,02520
000000002519,02519
000000002518,02518
000000002517,02517
000000002516,02516
000000002515,02515
000000002514,02514
000000002513,02513
000000002512,02512
000000002511,02511
000000002510,02510
000000002509,02509
000000002508,02508
000000002507,02507
000000002506,02506
000000002505,02505
000000002504,02504
000000002503,02503
000000002502,02502
000000002501,02501
000000002500,02500
000000002499,02499
000000002498,02498
000000002497,02497
000000002496,02496
000000002495,02495
000000002494,02494
000000002493,02493
000000002492,02492
000000002491,02491
000000002490,02490
000000002489,02489
000000002488,02488
000000002487,02487
000000002486,02486
000000002485,02485
000000002484,02484
000000002483,02483
000000002482,02482
000000002481,02481
000000002480,02480
000000002479,02479
000000002478,02478
000000002477,02477
000000002476,02476
000000002475,02475
000000002474,02474
000000002473,02473
000000002472,02472
000000002471,02471
000000002470,02470
000000002469,02469
000000002468,02468
000000002467,02467
000000002466,02466
000000002465,02465
000000002464,02464
000000002463,02463
000000002462,02462
000000002461,02461
000000002460,02460
000000002459,02459
000000002458,02458
000000002457,02457
000000002456,02456
000000002455,02455
000000002454,02454
000000002453,02453
000000002452,02452
000000002451,02451
000000002450,02450
000000002449,02449
000000002448,02448
000000002447,02447
000000002446,02446
000000002445,02445
000000002444,02444
000000002443,02443
000000002442,02442
000000002441,02441
000000002440,02440
000000002439,02439
000000002438,02438
000000002437,02437
000000002436,02436
000000002435,02435
000000002434,02434
000000002433,02433
000000002432,02432
000000002431,02431
000000002430,02430
000000002429,02429
000000002428,02428
000000002427,02427
000000002426,02426
000000002425,02425
000000002424,02424
000000002423,02423
000000002422,02422
000000002421,02421
000000002420,02420
000000002419,02419
000000002418,02418
000000002417,02417
000000002416,02416
000000002415,02415
000000002414,02414
000000002413,02413
000000002412,02412
000000002411,02411
000000002410,02410
000000002409,02409
000000002408,02408
000000002407,02407
000000002406,02406
000000002405,02405
000000002404,02404
000000002403,02403
000000002402,02402
000000002401,02401
000000002400,02400
000000002399,02399
000000002398,02398
000000002397,02397
000000002396,02396
000000002395,02395
000000002394,02394
000000002393,02393
000000002392,02392
000000002391,02391
000000002390,02390
000000002389,02389
000000002388,02388
000000002387,02387
000000002386,02386
000000002385,02385
000000002384,02384
000000002383,02383
000000002382,02382
000000002381,02381
000000002380,02380
000000002379,02379
000000002378,02378
000000002377,02377
000000002376,02376
000000002375,02375
000000002374,02374
000000002373,02373
000000002372,02372
000000002371,02371
000000002370,02370
000000002369,02369
000000002368,02368
000000002367,02367
000000002366,02366
000000002365,02365
000000002364,02364
000000002363,02363
000000002362,02362
000000002361,02361
000000002360,02360
000000002359,02359
000000002358,02358
000000002357,02357
000000002356,02356
000000002355,02355
000000002354,02354
000000002353,02353
000000002352,02352
000000002351,02351
000000002350,02350
000000002349,02349
000000002348,02348
000000002347,02347
000000002346,02346
000000002345,02345
000000002344,02344
000000002343,02343
000000002342,02342
000000002341,02341
000000002340,02340
000000002339,02339
000000002338,02338
000000002337,02337
000000002336,02336
000000002335,02335
000000002334,02334
000000002333,02333
000000002332,02332
000000002331,02331
000000002330,02330
000000002329,02329
000000002328,02328
000000002327,02327
000000002326,02326
000000002325,02325
000000002324,02324
000000002323,02323
000000002322,02322
000000002321,02321
000000002320,02320
000000002319,02319
000000002318,02318
000000002317,02317
000000002316,02316
000000002315,02315
000000002314,02314
000000002313,02313
000000002312,02312
000000002311,02311
000000002310,02310
000000002309,02309
000000002308,02308
000000002307,02307
000000002306,02306
000000002305,02305
000000002304,02304
000000002303,02303
000000002302,02302
000000002301,02301
000000002300,02300
000000002299,02299
000000002298,02298
000000002297,02297
000000002296,02296
000000002295,02295
000000002294,02294
000000002293,02293
000000002292,02292
000000002291,02291
000000002290,02290
000000002289,02289
000000002288,02288
000000002287,02287
000000002286,02286
000000002285,02285
000000002284,02284
000000002283,02283
000000002282,02282
000000002281,02281
000000002280,02280
000000002279,02279
000000002278,02278
000000002277,02277
000000002276,02276
000000002275,02275
000000002274,02274
000000002273,02273
000000002272,02272
000000002271,02271
000000002270,02270
000000002269,02269
000000002268,02268
000000002267,02267
000000002266,02266
000000002265,02265
000000002264,02264
000000002263,02263
000000002262,02262
000000002261,02261
000000002260,02260
000000002259,02259
000000002258,02258
000000002257,02257
000000002256,02256
000000002255,02255
000000002254,02254
000000002253,02253
000000002252,02252
000000002251,02251
000000002250,02250
000000002249,02249
000000002248,02248
000000002247,02247
000000002246,02246
000000002245,02245
000000002244,02244
000000002243,02243
000000002242,02242
000000002241,02241
000000002240,02240
000000002239,02239
000000002238,02238
000000002237,02237
000000002236,02236
000000002235,02235
000000002234,02234
000000002233,02233
000000002232,02232
000000002231,02231
000000002230,02230
000000002229,02229
000000002228,02228
000000002227,02227
000000002226,02226
000000002225,02225
000000002224,02224
000000002223,02223
000000002222,02222
000000002221,02221
000000002220,02220
000000002219,02219
000000002218,02218
000000002217,02217
000000002216,02216
000000002215,02215
000000002214,02214
000000002213,02213
000000002212,02212
000000002211,02211
000000002210,02210
000000002209,02209
000000002208,02208
000000002207,02207
000000002206,02206
000000002205,02205
000000002204,02204
000000002203,02203
000000002202,02202
000000002201,02201
000000002200,02200
000000002199,02199
000000002198,02198
000000002197,02197
000000002196,02196
000000002195,02195
000000002194,02194
000000002193,02193
000000002192,02192
000000002191,02191
000000002190,02190
000000002189,02189
000000002188,02188
000000002187,02187
000000002186,02186
000000002185,02185
000000002184,02184
000000002183,02183
000000002182,02182
000000002181,02181
000000002180,02180
000000002179,02179
000000002178,02178
000000002177,02177
000000002176,02176
000000002175,02175
000000002174,02174
000000002173,02173
000000002172,02172
000000002171,02171
000000002170,02170
000000002169,02169
000000002168,02168
000000002167,02167
000000002166,02166
000000002165,02165
000000002164,02164
000000002163,02163
000000002162,02162
000000002161,02161
000000002160,02160
000000002159,02159
000000002158,02158
000000002157,02157
000000002156,02156
000000002155,02155
000000002154,02154
000000002153,02153
000000002152,02152
000000002151,02151
000000002150,02150
000000002149,02149
000000002148,02148
000000002147,02147
000000002146,02146
000000002145,02145
000000002144,02144
000000002143,02143
000000002142,02142
000000002141,02141
000000002140,02140
000000002139,02139
000000002138,02138
000000002137,02137
000000002136,02136
000000002135,02135
000000002134,02134
000000002133,02133
000000002132,02132
000000002131,02131
000000002130,02130
000000002129,02129
000000002128,02128
000000002127,02127
000000002126,02126
000000002125,02125
000000002124,02124
000000002123,02123
000000002122,02122
000000002121,02121
000000002120,02120
000000002119,02119
000000002118,02118
000000002117,02117
000000002116,02116
000000002115,02115
000000002114,02114
000000002113,02113
000000002112,02112
000000002111,02111
000000002110,02110
000000002109,02109
000000002108,02108
000000002107,02107
000000002106,02106
000000002105,02105
000000002104,02104
000000002103,02103
000000002102,02102
000000002101,02101
000000002100,02100
000000002099,02099
000000002098,02098
000000002097,02097
000000002096,02096
000000002095,02095
000000002094,02094
000000002093,02093
000000002092,02092
000000002091,02091
000000002090,02090
000000002089,02089
000000002088,02088
000000002087,02087
000000002086,02086
000000002085,02085
000000002084,02084
000000002083,02083
000000002082,02082
000000002081,02081
000000002080,02080
000000002079,02079
000000002078,02078
000000002077,02077
000000002076,02076
000000002075,02075
000000002074,02074
000000002073,02073
000000002072,02072
000000002071,02071
000000002070,02070
000000002069,02069
000000002068,02068
000000002067,02067
000000002066,02066
000000002065,02065
000000002064,02064
000000002063,02063
000000002062,02062
000000002061,02061
000000002060,02060
000000002059,02059
000000002058,02058
000000002057,02057
000000002056,02056
000000002055,02055
000000002054,02054
000000002053,02053
000000002052,02052
000000002051,02051
000000002050,02050
000000002049,02049
000000002048,02048
000000002047,02047
000000002046,02046
000000002045,02045
000000002044,02044
000000002043,02043
000000002042,02042
000000002041,02041
000000002040,02040
000000002039,02039
000000002038,02038
000000002037,02037
000000002036,02036
000000002035,02035
000000002034,02034
000000002033,02033
000000002032,02032
000000002031,02031
000000002030,02030
000000002029,02029
000000002028,02028
000000002027,02027
000000002026,02026
000000002025,02025
000000002024,02024
000000002023,02023
000000002022,02022
000000002021,02021
000000002020,02020
000000002019,02019
000000002018,02018
000000002017,02017
000000002016,02016
000000002015,02015
000000002014,02014
000000002013,02013
000000002012,02012
000000002011,02011
000000002010,02010
000000002009,02009
000000002008,02008
000000002007,02007
000000002006,02006
000000002005,02005
000000002004,02004
000000002003,02003
000000002002,02002
000000002001,02001
000000002000,02000
000000001999,01999
000000001998,01998
000000001997,01997
000000001996,01996
000000001995,01995
000000001994,01994
000000001993,01993
000000001992,01992
000000001991,01991
000000001990,01990
000000001989,01989
000000001988,01988
000000001987,01987
000000001986,01986
000000001985,01985
000000001984,01984
000000001983,01983
000000001982,01982
000000001981,01981
000000001980,01980
000000001979,01979
000000001978,01978
000000001977,01977
000000001976,01976
000000001975,01975
000000001974,01974
000000001973,01973
000000001972,01972
000000001971,01971
000000001970,01970
000000001969,01969
000000001968,01968
000000001967,01967
000000001966,01966
000000001965,01965
000000001964,01964
000000001963,01963
000000001962,01962
000000001961,01961
000000001960,01960
000000001959,01959
000000001958,01958
000000001957,01957
000000001956,01956
000000001955,01955
000000001954,01954
000000001953,01953
000000001952,01952
000000001951,01951
000000001950,01950
000000001949,01949
000000001948,01948
000000001947,01947
000000001946,01946
000000001945,01945
000000001944,01944
000000001943,01943
000000001942,01942
000000001941,01941
000000001940,01940
000000001939,01939
000000001938,01938
000000001937,01937
000000001936,01936
000000001935,01935
000000001934,01934
000000001933,01933
000000001932,01932
000000001931,01931
000000001930,01930
000000001929,01929
000000001928,01928
000000001927,01927
000000001926,01926
000000001925,01925
000000001924,01924
000000001923,01923
000000001922,01922
000000001921,01921
000000001920,01920
000000001919,01919
000000001918,01918
000000001917,01917
000000001916,01916
000000001915,01915
000000001914,01914
000000001913,01913
000000001912,01912
000000001911,01911
000000001910,01910
000000001909,01909
000000001908,01908
000000001907,01907
000000001906,01906
000000001905,01905
000000001904,01904
000000001903,01903
000000001902,01902
000000001901,01901
000000001900,01900
000000001899,01899
000000001898,01898
000000001897,01897
000000001896,01896
000000001895,01895
000000001894,01894
000000001893,01893
000000001892,01892
000000001891,01891
000000001890,01890
000000001889,01889
000000001888,01888
000000001887,01887
000000001886,01886
000000001885,01885
000000001884,01884
000000001883,01883
000000001882,01882
000000001881,01881
000000001880,01880
000000001879,01879
000000001878,01878
000000001877,01877
000000001876,01876
000000001875,01875
000000001874,01874
000000001873,01873
000000001872,01872
000000001871,01871
000000001870,01870
000000001869,01869
000000001868,01868
000000001867,01867
000000001866,01866
000000001865,01865
000000001864,01864
000000001863,01863
000000001862,01862
000000001861,01861
000000001860,01860
000000001859,01859
000000001858,01858
000000001857,01857
000000001856,01856
000000001855,01855
000000001854,01854
000000001853,01853
000000001852,01852
000000001851,01851
000000001850,01850
000000001849,01849
000000001848,01848
000000001847,01847
000000001846,01846
000000001845,01845
000000001844,01844
000000001843,01843
000000001842,01842
000000001841,01841
000000001840,01840
000000001839,01839
000000001838,01838
000000001837,01837
000000001836,01836
000000001835,01835
000000001834,01834
000000001833,01833
000000001832,01832
000000001831,01831
000000001830,01830
000000001829,01829
000000001828,01828
000000001827,01827
000000001826,01826
000000001825,01825
000000001824,01824
000000001823,01823
000000001822,01822
000000001821,01821
000000001820,01820
000000001819,01819
000000001818,01818
000000001817,01817
000000001816,01816
000000001815,01815
000000001814,01814
000000001813,01813
000000001812,01812
000000001811,01811
000000001810,01810
000000001809,01809
000000001808,01808
000000001807,01807
000000001806,01806
000000001805,01805
000000001804,01804
000000001803,01803
000000001802,01802
000000001801,01801
000000001800,01800
000000001799,01799
000000001798,01798
000000001797,01797
000000001796,01796
000000001795,01795
000000001794,01794
000000001793,01793
000000001792,01792
000000001791,01791
000000001790,01790
000000001789,01789
000000001788,01788
000000001787,01787
000000001786,01786
000000001785,01785
000000001784,01784
000000001783,01783
000000001782,01782
000000001781,01781
000000001780,01780
000000001779,01779
000000001778,01778
000000001777,01777
000000001776,01776
000000001775,01775
000000001774,01774
000000001773,01773
000000001772,01772
000000001771,01771
000000001770,01770
000000001769,01769
000000001768,01768
000000001767,01767
000000001766,01766
000000001765,01765
000000001764,01764
000000001763,01763
000000001762,01762
000000001761,01761
000000001760,01760
000000001759,01759
000000001758,01758
000000001757,01757
000000001756,01756
000000001755,01755
000000001754,01754
000000001753,01753
000000001752,01752
000000001751,01751
000000001750,01750
000000001749,01749
000000001748,01748
000000001747,01747
000000001746,01746
000000001745,01745
000000001744,01744
000000001743,01743
000000001742,01742
000000001741,01741
000000001740,01740
000000001739,01739
000000001738,01738
000000001737,01737
000000001736,01736
000000001735,01735
000000001734,01734
000000001733,01733
000000001732,01732
000000001731,01731
000000001730,01730
000000001729,01729
000000001728,01728
000000001727,01727
000000001726,01726
000000001725,01725
000000001724,01724
000000001723,01723
000000001722,01722
000000001721,01721
000000001720,01720
000000001719,01719
000000001718,01718
000000001717,01717
000000001716,01716
000000001715,01715
000000001714,01714
000000001713,01713
000000001712,01712
000000001711,01711
000000001710,01710
000000001709,01709
000000001708,01708
000000001707,01707
000000001706,01706
000000001705,01705
000000001704,01704
000000001703,01703
000000001702,01702
000000001701,01701
000000001700,01700
000000001699,01699
000000001698,01698
000000001697,01697
000000001696,01696
000000001695,01695
000000001694,01694
000000001693,01693
000000001692,01692
000000001691,01691
000000001690,01690
000000001689,01689
000000001688,01688
000000001687,01687
000000001686,01686
000000001685,01685
000000001684,01684
000000001683,01683
000000001682,01682
000000001681,01681
000000001680,01680
000000001679,01679
000000001678,01678
000000001677,01677
000000001676,01676
000000001675,01675
000000001674,01674
000000001673,01673
000000001672,01672
000000001671,01671
000000001670,01670
000000001669,01669
000000001668,01668
000000001667,01667
000000001666,01666
000000001665,01665
000000001664,01664
000000001663,01663
000000001662,01662
000000001661,01661
000000001660,01660
000000001659,01659
000000001658,01658
000000001657,01657
000000001656,01656
000000001655,01655
000000001654,01654
000000001653,01653
000000001652,01652
000000001651,01651
000000001650,01650
000000001649,01649
000000001648,01648
000000001647,01647
000000001646,01646
000000001645,01645
000000001644,01644
000000001643,01643
000000001642,01642
000000001641,01641
000000001640,01640
000000001639,01639
000000001638,01638
000000001637,01637
000000001636,01636
000000001635,01635
000000001634,01634
000000001633,01633
000000001632,01632
000000001631,01631
000000001630,01630
000000001629,01629
000000001628,01628
000000001627,01627
000000001626,01626
000000001625,01625
000000001624,01624
000000001623,01623
000000001622,01622
000000001621,01621
000000001620,01620
000000001619,01619
000000001618,01618
000000001617,01617
000000001616,01616
000000001615,01615
000000001614,01614
000000001613,01613
000000001612,01612
000000001611,01611
000000001610,01610
000000001609,01609
000000001608,01608
000000001607,01607
000000001606,01606
000000001605,01605
000000001604,01604
000000001603,01603
000000001602,01602
000000001601,01601
000000001600,01600
000000001599,01599
000000001598,01598
000000001597,01597
000000001596,01596
000000001595,01595
000000001594,01594
000000001593,01593
000000001592,01592
000000001591,01591
000000001590,01590
000000001589,01589
000000001588,01588
000000001587,01587
000000001586,01586
000000001585,01585
000000001584,01584
000000001583,01583
000000001582,01582
000000001581,01581
000000001580,01580
000000001579,01579
000000001578,01578
000000001577,01577
000000001576,01576
000000001575,01575
000000001574,01574
000000001573,01573
000000001572,01572
000000001571,01571
000000001570,01570
000000001569,01569
000000001568,01568
000000001567,01567
000000001566,01566
000000001565,01565
000000001564,01564
000000001563,01563
000000001562,01562
000000001561,01561
000000001560,01560
000000001559,01559
000000001558,01558
000000001557,01557
000000001556,01556
000000001555,01555
000000001554,01554
000000001553,01553
000000001552,01552
000000001551,01551
000000001550,01550
000000001549,01549
000000001548,01548
000000001547,01547
000000001546,01546
000000001545,01545
000000001544,01544
000000001543,01543
000000001542,01542
000000001541,01541
000000001540,01540
000000001539,01539
000000001538,01538
000000001537,01537
000000001536,01536
000000001535,01535
000000001534,01534
000000001533,01533
000000001532,01532
000000001531,01531
000000001530,01530
000000001529,01529
000000001528,01528
000000001527,01527
000000001526,01526
000000001525,01525
000000001524,01524
000000001523,01523
000000001522,01522
000000001521,01521
000000001520,01520
000000001519,01519
000000001518,01518
000000001517,01517
000000001516,01516
000000001515,01515
000000001514,01514
000000001513,01513
000000001512,01512
000000001511,01511
000000001510,01510
000000001509,01509
000000001508,01508
000000001507,01507
000000001506,01506
000000001505,01505
000000001504,01504
000000001503,01503
000000001502,01502
000000001501,01501
000000001500,01500
000000001499,01499
000000001498,01498
000000001497,01497
000000001496,01496
000000001495,01495
000000001494,01494
000000001493,01493
000000001492,01492
000000001491,01491
000000001490,01490
000000001489,01489
000000001488,01488
000000001487,01487
000000001486,01486
000000001485,01485
000000001484,01484
000000001483,01483
000000001482,01482
000000001481,01481
000000001480,01480
000000001479,01479
000000001478,01478
000000001477,01477
000000001476,01476
000000001475,01475
000000001474,01474
000000001473,01473
000000001472,01472
000000001471,01471
000000001470,01470
000000001469,01469
000000001468,01468
000000001467,01467
000000001466,01466
000000001465,01465
000000001464,01464
000000001463,01463
000000001462,01462
000000001461,01461
000000001460,01460
000000001459,01459
000000001458,01458
000000001457,01457
000000001456,01456
000000001455,01455
000000001454,01454
000000001453,01453
000000001452,01452
000000001451,01451
000000001450,01450
000000001449,01449
000000001448,01448
000000001447,01447
000000001446,01446
000000001445,01445
000000001444,01444
000000001443,01443
000000001442,01442
000000001441,01441
000000001440,01440
000000001439,01439
000000001438,01438
000000001437,01437
000000001436,01436
000000001435,01435
000000001434,01434
000000001433,01433
000000001432,01432
000000001431,01431
000000001430,01430
000000001429,01429
000000001428,01428
000000001427,01427
000000001426,01426
000000001425,01425
000000001424,01424
000000001423,01423
000000001422,01422
000000001421,01421
000000001420,01420
000000001419,01419
000000001418,01418
000000001417,01417
000000001416,01416
000000001415,01415
000000001414,01414
000000001413,01413
000000001412,01412
000000001411,01411
000000001410,01410
000000001409,01409
000000001408,01408
000000001407,01407
000000001406,01406
000000001405,01405
000000001404,01404
000000001403,01403
000000001402,01402
000000001401,01401
000000001400,01400
000000001399,01399
000000001398,01398
000000001397,01397
000000001396,01396
000000001395,01395
000000001394,01394
000000001393,01393
000000001392,01392
000000001391,01391
000000001390,01390
000000001389,01389
000000001388,01388
000000001387,01387
000000001386,01386
000000001385,01385
000000001384,01384
000000001383,01383
000000001382,01382
000000001381,01381
000000001380,01380
000000001379,01379
000000001378,01378
000000001377,01377
000000001376,01376
000000001375,01375
000000001374,01374
000000001373,01373
000000001372,01372
000000001371,01371
000000001370,01370
000000001369,01369
000000001368,01368
000000001367,01367
000000001366,01366
000000001365,01365
000000001364,01364
000000001363,01363
000000001362,01362
000000001361,01361
000000001360,01360
000000001359,01359
000000001358,01358
000000001357,01357
000000001356,01356
000000001355,01355
000000001354,01354
000000001353,01353
000000001352,01352
000000001351,01351
000000001350,01350
000000001349,01349
000000001348,01348
000000001347,01347
000000001346,01346
000000001345,01345
000000001344,01344
000000001343,01343
000000001342,01342
000000001341,01341
000000001340,01340
000000001339,01339
000000001338,01338
000000001337,01337
000000001336,01336
000000001335,01335
000000001334,01334
000000001333,01333
000000001332,01332
000000001331,01331
000000001330,01330
000000001329,01329
000000001328,01328
000000001327,01327
000000001326,01326
000000001325,01325
000000001324,01324
000000001323,01323
000000001322,01322
000000001321,01321
000000001320,01320
000000001319,01319
000000001318,01318
000000001317,01317
000000001316,01316
000000001315,01315
000000001314,01314
000000001313,01313
000000001312,01312
000000001311,01311
000000001310,01310
000000001309,01309
000000001308,01308
000000001307,01307
000000001306,01306
000000001305,01305
000000001304,01304
000000001303,01303
000000001302,01302
000000001301,01301
000000001300,01300
000000001299,01299
000000001298,01298
000000001297,01297
000000001296,01296
000000001295,01295
000000001294,01294
000000001293,01293
000000001292,01292
000000001291,01291
000000001290,01290
000000001289,01289
000000001288,01288
000000001287,01287
000000001286,01286
000000001285,01285
000000001284,01284
000000001283,01283
000000001282,01282
000000001281,01281
000000001280,01280
000000001279,01279
000000001278,01278
000000001277,01277
000000001276,01276
000000001275,01275
000000001274,01274
000000001273,01273
000000001272,01272
000000001271,01271
000000001270,01270
000000001269,01269
000000001268,01268
000000001267,01267
000000001266,01266
000000001265,01265
000000001264,01264
000000001263,01263
000000001262,01262
000000001261,01261
000000001260,01260
000000001259,01259
000000001258,01258
000000001257,01257
000000001256,01256
000000001255,01255
000000001254,01254
000000001253,01253
000000001252,01252
000000001251,01251
000000001250,01250
000000001249,01249
000000001248,01248
000000001247,01247
000000001246,01246
000000001245,01245
000000001244,01244
000000001243,01243
000000001242,01242
000000001241,01241
000000001240,01240
000000001239,01239
000000001238,01238
000000001237,01237
000000001236,01236
000000001235,01235
000000001234,01234
000000001233,01233
000000001232,01232
000000001231,01231
000000001230,01230
000000001229,01229
000000001228,01228
000000001227,01227
000000001226,01226
000000001225,01225
000000001224,01224
000000001223,01223
000000001222,01222
000000001221,01221
000000001220,01220
000000001219,01219
000000001218,01218
000000001217,01217
000000001216,01216
000000001215,01215
000000001214,01214
000000001213,01213
000000001212,01212
000000001211,01211
000000001210,01210
000000001209,01209
000000001208,01208
000000001207,01207
000000001206,01206
000000001205,01205
000000001204,01204
000000001203,01203
000000001202,01202
000000001201,01201
000000001200,01200
000000001199,01199
000000001198,01198
000000001197,01197
000000001196,01196
000000001195,01195
000000001194,01194
000000001193,01193
000000001192,01192
000000001191,01191
000000001190,01190
000000001189,01189
000000001188,01188
000000001187,01187
000000001186,01186
000000001185,01185
000000001184,01184
000000001183,01183
000000001182,01182
000000001181,01181
000000001180,01180
000000001179,01179
000000001178,01178
000000001177,01177
000000001176,01176
000000001175,01175
000000001174,01174
000000001173,01173
000000001172,01172
000000001171,01171
000000001170,01170
000000001169,01169
000000001168,01168
000000001167,01167
000000001166,01166
000000001165,01165
000000001164,01164
000000001163,01163
000000001162,01162
000000001161,01161
000000001160,01160
000000001159,01159
000000001158,01158
000000001157,01157
000000001156,01156
000000001155,01155
000000001154,01154
000000001153,01153
000000001152,01152
000000001151,01151
000000001150,01150
000000001149,01149
000000001148,01148
000000001147,01147
000000001146,01146
000000001145,01145
000000001144,01144
000000001143,01143
000000001142,01142
000000001141,01141
000000001140,01140
000000001139,01139
000000001138,01138
000000001137,01137
000000001136,01136
000000001135,01135
000000001134,01134
000000001133,01133
000000001132,01132
000000001131,01131
000000001130,01130
000000001129,01129
000000001128,01128
000000001127,01127
000000001126,01126
000000001125,01125
000000001124,01124
000000001123,01123
000000001122,01122
000000001121,01121
000000001120,01120
000000001119,01119
000000001118,01118
000000001117,01117
000000001116,01116
000000001115,01115
000000001114,01114
000000001113,01113
000000001112,01112
000000001111,01111
000000001110,01110
000000001109,01109
000000001108,01108
000000001107,01107
000000001106,01106
000000001105,01105
000000001104,01104
000000001103,01103
000000001102,01102
000000001101,01101
000000001100,01100
000000001099,01099
000000001098,01098
000000001097,01097
000000001096,01096
000000001095,01095
000000001094,01094
000000001093,01093
000000001092,01092
000000001091,01091
000000001090,01090
000000001089,01089
000000001088,01088
000000001087,01087
000000001086,01086
000000001085,01085
000000001084,01084
000000001083,01083
000000001082,01082
000000001081,01081
000000001080,01080
000000001079,01079
000000001078,01078
000000001077,01077
000000001076,01076
000000001075,01075
000000001074,01074
000000001073,01073
000000001072,01072
000000001071,01071
000000001070,01070
000000001069,01069
000000001068,01068
000000001067,01067
000000001066,01066
000000001065,01065
000000001064,01064
000000001063,01063
000000001062,01062
000000001061,01061
000000001060,01060
000000001059,01059
000000001058,01058
000000001057,01057
000000001056,01056
000000001055,01055
000000001054,01054
000000001053,01053
000000001052,01052
000000001051,01051
000000001050,01050
000000001049,01049
000000001048,01048
000000001047,01047
000000001046,01046
000000001045,01045
000000001044,01044
000000001043,01043
000000001042,01042
000000001041,01041
000000001040,01040
000000001039,01039
000000001038,01038
000000001037,01037
000000001036,01036
000000001035,01035
000000001034,01034
000000001033,01033
000000001032,01032
000000001031,01031
000000001030,01030
000000001029,01029
000000001028,01028
000000001027,01027
000000001026,01026
000000001025,01025
000000001024,01024
000000001023,01023
000000001022,01022
000000001021,01021
000000001020,01020
000000001019,01019
000000001018,01018
000000001017,01017
000000001016,01016
000000001015,01015
000000001014,01014
000000001013,01013
000000001012,01012
000000001011,01011
000000001010,01010
000000001009,01009
000000001008,01008
000000001007,01007
000000001006,01006
000000001005,01005
000000001004,01004
000000001003,01003
000000001002,01002
000000001001,01001
000000001000,01000
000000000999,00999
000000000998,00998
000000000997,00997
000000000996,00996
000000000995,00995
000000000994,00994
000000000993,00993
000000000992,00992
000000000991,00991
000000000990,00990
000000000989,00989
000000000988,00988
000000000987,00987
000000000986,00986
000000000985,00985
000000000984,00984
000000000983,00983
000000000982,00982
000000000981,00981
000000000980,00980
000000000979,00979
000000000978,00978
000000000977,00977
000000000976,00976
000000000975,00975
000000000974,00974
000000000973,00973
000000000972,00972
000000000971,00971
000000000970,00970
000000000969,00969
000000000968,00968
000000000967,00967
000000000966,00966
000000000965,00965
000000000964,00964
000000000963,00963
000000000962,00962
000000000961,00961
000000000960,00960
000000000959,00959
000000000958,00958
000000000957,00957
000000000956,00956
000000000955,00955
000000000954,00954
000000000953,00953
000000000952,00952
000000000951,00951
000000000950,00950
000000000949,00949
000000000948,00948
000000000947,00947
000000000946,00946
000000000945,00945
000000000944,00944
000000000943,00943
000000000942,00942
000000000941,00941
000000000940,00940
000000000939,00939
000000000938,00938
000000000937,00937
000000000936,00936
000000000935,00935
000000000934,00934
000000000933,00933
000000000932,00932
000000000931,00931
000000000930,00930
000000000929,00929
000000000928,00928
000000000927,00927
000000000926,00926
000000000925,00925
000000000924,00924
000000000923,00923
000000000922,00922
000000000921,00921
000000000920,00920
000000000919,00919
000000000918,00918
000000000917,00917
000000000916,00916
000000000915,00915
000000000914,00914
000000000913,00913
000000000912,00912
000000000911,00911
000000000910,00910
000000000909,00909
000000000908,00908
000000000907,00907
000000000906,00906
000000000905,00905
000000000904,00904
000000000903,00903
000000000902,00902
000000000901,00901
000000000900,00900
000000000899,00899
000000000898,00898
000000000897,00897
000000000896,00896
000000000895,00895
000000000894,00894
000000000893,00893
000000000892,00892
000000000891,00891
000000000890,00890
000000000889,00889
000000000888,00888
000000000887,00887
000000000886,00886
000000000885,00885
000000000884,00884
000000000883,00883
000000000882,00882
000000000881,00881
000000000880,00880
000000000879,00879
000000000878,00878
000000000877,00877
000000000876,00876
000000000875,00875
000000000874,00874
000000000873,00873
000000000872,00872
000000000871,00871
000000000870,00870
000000000869,00869
000000000868,00868
000000000867,00867
000000000866,00866
000000000865,00865
000000000864,00864
000000000863,00863
000000000862,00862
000000000861,00861
000000000860,00860
000000000859,00859
000000000858,00858
000000000857,00857
000000000856,00856
000000000855,00855
000000000854,00854
000000000853,00853
000000000852,00852
000000000851,00851
000000000850,00850
000000000849,00849
000000000848,00848
000000000847,00847
000000000846,00846
000000000845,00845
000000000844,00844
000000000843,00843
000000000842,00842
000000000841,00841
000000000840,00840
000000000839,00839
000000000838,00838
000000000837,00837
000000000836,00836
000000000835,00835
000000000834,00834
000000000833,00833
000000000832,00832
000000000831,00831
000000000830,00830
000000000829,00829
000000000828,00828
000000000827,00827
000000000826,00826
000000000825,00825
000000000824,00824
000000000823,00823
000000000822,00822
000000000821,00821
000000000820,00820
000000000819,00819
000000000818,00818
000000000817,00817
000000000816,00816
000000000815,00815
000000000814,00814
000000000813,00813
000000000812,00812
000000000811,00811
000000000810,00810
000000000809,00809
000000000808,00808
000000000807,00807
000000000806,00806
000000000805,00805
000000000804,00804
000000000803,00803
000000000802,00802
000000000801,00801
000000000800,00800
000000000799,00799
000000000798,00798
000000000797,00797
000000000796,00796
000000000795,00795
000000000794,00794
000000000793,00793
000000000792,00792
000000000791,00791
000000000790,00790
000000000789,00789
000000000788,00788
000000000787,00787
000000000786,00786
000000000785,00785
000000000784,00784
000000000783,00783
000000000782,00782
000000000781,00781
000000000780,00780
000000000779,00779
000000000778,00778
000000000777,00777
000000000776,00776
000000000775,00775
000000000774,00774
000000000773,00773
000000000772,00772
000000000771,00771
000000000770,00770
000000000769,00769
000000000768,00768
000000000767,00767
000000000766,00766
000000000765,00765
000000000764,00764
000000000763,00763
000000000762,00762
000000000761,00761
000000000760,00760
000000000759,00759
000000000758,00758
000000000757,00757
000000000756,00756
000000000755,00755
000000000754,00754
000000000753,00753
000000000752,00752
000000000751,00751
000000000750,00750
000000000749,00749
000000000748,00748
000000000747,00747
000000000746,00746
000000000745,00745
000000000744,00744
000000000743,00743
000000000742,00742
000000000741,00741
000000000740,00740
000000000739,00739
000000000738,00738
000000000737,00737
000000000736,00736
000000000735,00735
000000000734,00734
000000000733,00733
000000000732,00732
000000000731,00731
000000000730,00730
000000000729,00729
000000000728,00728
000000000727,00727
000000000726,00726
000000000725,00725
000000000724,00724
000000000723,00723
000000000722,00722
000000000721,00721
000000000720,00720
000000000719,00719
000000000718,00718
000000000717,00717
000000000716,00716
000000000715,00715
000000000714,00714
000000000713,00713
000000000712,00712
000000000711,00711
000000000710,00710
000000000709,00709
000000000708,00708
000000000707,00707
000000000706,00706
000000000705,00705
000000000704,00704
000000000703,00703
000000000702,00702
000000000701,00701
000000000700,00700
000000000699,00699
000000000698,00698
000000000697,00697
000000000696,00696
000000000695,00695
000000000694,00694
000000000693,00693
000000000692,00692
000000000691,00691
000000000690,00690
000000000689,00689
000000000688,00688
000000000687,00687
000000000686,00686
000000000685,00685
000000000684,00684
000000000683,00683
000000000682,00682
000000000681,00681
000000000680,00680
000000000679,00679
000000000678,00678
000000000677,00677
000000000676,00676
000000000675,00675
000000000674,00674
000000000673,00673
000000000672,00672
000000000671,00671
000000000670,00670
000000000669,00669
000000000668,00668
000000000667,00667
000000000666,00666
000000000665,00665
000000000664,00664
000000000663,00663
000000000662,00662
000000000661,00661
000000000660,00660
000000000659,00659
000000000658,00658
000000000657,00657
000000000656,00656
000000000655,00655
000000000654,00654
000000000653,00653
000000000652,00652
000000000651,00651
000000000650,00650
000000000649,00649
000000000648,00648
000000000647,00647
000000000646,00646
000000000645,00645
000000000644,00644
000000000643,00643
000000000642,00642
000000000641,00641
000000000640,00640
000000000639,00639
000000000638,00638
000000000637,00637
000000000636,00636
000000000635,00635
000000000634,00634
000000000633,00633
000000000632,00632
000000000631,00631
000000000630,00630
000000000629,00629
000000000628,00628
000000000627,00627
000000000626,00626
000000000625,00625
000000000624,00624
000000000623,00623
000000000622,00622
000000000621,00621
000000000620,00620
000000000619,00619
000000000618,00618
000000000617,00617
000000000616,00616
000000000615,00615
000000000614,00614
000000000613,00613
000000000612,00612
000000000611,00611
000000000610,00610
000000000609,00609
000000000608,00608
000000000607,00607
000000000606,00606
000000000605,00605
000000000604,00604
000000000603,00603
000000000602,00602
000000000601,00601
000000000600,00600
000000000599,00599
000000000598,00598
000000000597,00597
000000000596,00596
000000000595,00595
000000000594,00594
000000000593,00593
000000000592,00592
000000000591,00591
000000000590,00590
000000000589,00589
000000000588,00588
000000000587,00587
000000000586,00586
000000000585,00585
000000000584,00584
000000000583,00583
000000000582,00582
000000000581,00581
000000000580,00580
000000000579,00579
000000000578,00578
000000000577,00577
000000000576,00576
000000000575,00575
000000000574,00574
000000000573,00573
000000000572,00572
000000000571,00571
000000000570,00570
000000000569,00569
000000000568,00568
000000000567,00567
000000000566,00566
000000000565,00565
000000000564,00564
000000000563,00563
000000000562,00562
000000000561,00561
000000000560,00560
000000000559,00559
000000000558,00558
000000000557,00557
000000000556,00556
000000000555,00555
000000000554,00554
000000000553,00553
000000000552,00552
000000000551,00551
000000000550,00550
000000000549,00549
000000000548,00548
000000000547,00547
000000000546,00546
000000000545,00545
000000000544,00544
000000000543,00543
000000000542,00542
000000000541,00541
000000000540,00540
000000000539,00539
000000000538,00538
000000000537,00537
000000000536,00536
000000000535,00535
000000000534,00534
000000000533,00533
000000000532,00532
000000000531,00531
000000000530,00530
000000000529,00529
000000000528,00528
000000000527,00527
000000000526,00526
000000000525,00525
000000000524,00524
000000000523,00523
000000000522,00522
000000000521,00521
000000000520,00520
000000000519,00519
000000000518,00518
000000000517,00517
000000000516,00516
000000000515,00515
000000000514,00514
000000000513,00513
000000000512,00512
000000000511,00511
000000000510,00510
000000000509,00509
000000000508,00508
000000000507,00507
000000000506,00506
000000000505,00505
000000000504,00504
000000000503,00503
000000000502,00502
000000000501,00501
000000000500,00500
000000000499,00499
000000000498,00498
000000000497,00497
000000000496,00496
000000000495,00495
000000000494,00494
000000000493,00493
000000000492,00492
000000000491,00491
000000000490,00490
000000000489,00489
000000000488,00488
000000000487,00487
000000000486,00486
000000000485,00485
000000000484,00484
000000000483,00483
000000000482,00482
000000000481,00481
000000000480,00480
000000000479,00479
000000000478,00478
000000000477,00477
000000000476,00476
000000000475,00475
000000000474,00474
000000000473,00473
000000000472,00472
000000000471,00471
000000000470,00470
000000000469,00469
000000000468,00468
000000000467,00467
000000000466,00466
000000000465,00465
000000000464,00464
000000000463,00463
000000000462,00462
000000000461,00461
000000000460,00460
000000000459,00459
000000000458,00458
000000000457,00457
000000000456,00456
000000000455,00455
000000000454,00454
000000000453,00453
000000000452,00452
000000000451,00451
000000000450,00450
000000000449,00449
000000000448,00448
000000000447,00447
000000000446,00446
000000000445,00445
000000000444,00444
000000000443,00443
000000000442,00442
000000000441,00441
000000000440,00440
000000000439,00439
000000000438,00438
000000000437,00437
000000000436,00436
000000000435,00435
000000000434,00434
000000000433,00433
000000000432,00432
000000000431,00431
000000000430,00430
000000000429,00429
000000000428,00428
000000000427,00427
000000000426,00426
000000000425,00425
000000000424,00424
000000000423,00423
000000000422,00422
000000000421,00421
000000000420,00420
000000000419,00419
000000000418,00418
000000000417,00417
000000000416,00416
000000000415,00415
000000000414,00414
000000000413,00413
000000000412,00412
000000000411,00411
000000000410,00410
000000000409,00409
000000000408,00408
000000000407,00407
000000000406,00406
000000000405,00405
000000000404,00404
000000000403,00403
000000000402,00402
000000000401,00401
000000000400,00400
000000000399,00399
000000000398,00398
000000000397,00397
000000000396,00396
000000000395,00395
000000000394,00394
000000000393,00393
000000000392,00392
000000000391,00391
000000000390,00390
000000000389,00389
000000000388,00388
000000000387,00387
000000000386,00386
000000000385,00385
000000000384,00384
000000000383,00383
000000000382,00382
000000000381,00381
000000000380,00380
000000000379,00379
000000000378,00378
000000000377,00377
000000000376,00376
000000000375,00375
000000000374,00374
000000000373,00373
000000000372,00372
000000000371,00371
000000000370,00370
000000000369,00369
000000000368,00368
000000000367,00367
000000000366,00366
000000000365,00365
000000000364,00364
000000000363,00363
000000000362,00362
000000000361,00361
000000000360,00360
000000000359,00359
000000000358,00358
000000000357,00357
000000000356,00356
000000000355,00355
000000000354,00354
000000000353,00353
000000000352,00352
000000000351,00351
000000000350,00350
000000000349,00349
000000000348,00348
000000000347,00347
000000000346,00346
000000000345,00345
000000000344,00344
000000000343,00343
000000000342,00342
000000000341,00341
000000000340,00340
000000000339,00339
000000000338,00338
000000000337,00337
000000000336,00336
000000000335,00335
000000000334,00334
000000000333,00333
000000000332,00332
000000000331,00331
000000000330,00330
000000000329,00329
000000000328,00328
000000000327,00327
000000000326,00326
000000000325,00325
000000000324,00324
000000000323,00323
000000000322,00322
000000000321,00321
000000000320,00320
000000000319,00319
000000000318,00318
000000000317,00317
000000000316,00316
000000000315,00315
000000000314,00314
000000000313,00313
000000000312,00312
000000000311,00311
000000000310,00310
000000000309,00309
000000000308,00308
000000000307,00307
000000000306,00306
000000000305,00305
000000000304,00304
000000000303,00303
000000000302,00302
000000000301,00301
000000000300,00300
000000000299,00299
000000000298,00298
000000000297,00297
000000000296,00296
000000000295,00295
000000000294,00294
000000000293,00293
000000000292,00292
000000000291,00291
000000000290,00290
000000000289,00289
000000000288,00288
000000000287,00287
000000000286,00286
000000000285,00285
000000000284,00284
000000000283,00283
000000000282,00282
000000000281,00281
000000000280,00280
000000000279,00279
000000000278,00278
000000000277,00277
000000000276,00276
000000000275,00275
000000000274,00274
000000000273,00273
000000000272,00272
000000000271,00271
000000000270,00270
000000000269,00269
000000000268,00268
000000000267,00267
000000000266,00266
000000000265,00265
000000000264,00264
000000000263,00263
000000000262,00262
000000000261,00261
000000000260,00260
000000000259,00259
000000000258,00258
000000000257,00257
000000000256,00256
000000000255,00255
000000000254,00254
000000000253,00253
000000000252,00252
000000000251,00251
000000000250,00250
000000000249,00249
000000000248,00248
000000000247,00247
000000000246,00246
000000000245,00245
000000000244,00244
000000000243,00243
000000000242,00242
000000000241,00241
000000000240,00240
000000000239,00239
000000000238,00238
000000000237,00237
000000000236,00236
000000000235,00235
000000000234,00234
000000000233,00233
000000000232,00232
000000000231,00231
000000000230,00230
000000000229,00229
000000000228,00228
000000000227,00227
000000000226,00226
000000000225,00225
000000000224,00224
000000000223,00223
000000000222,00222
000000000221,00221
000000000220,00220
000000000219,00219
000000000218,00218
000000000217,00217
000000000216,00216
000000000215,00215
000000000214,00214
000000000213,00213
000000000212,00212
000000000211,00211
000000000210,00210
000000000209,00209
000000000208,00208
000000000207,00207
000000000206,00206
000000000205,00205
000000000204,00204
000000000203,00203
000000000202,00202
000000000201,00201
000000000200,00200
000000000199,00199
000000000198,00198
000000000197,00197
000000000196,00196
000000000195,00195
000000000194,00194
000000000193,00193
000000000192,00192
000000000191,00191
000000000190,00190
000000000189,00189
000000000188,00188
000000000187,00187
000000000186,00186
000000000185,00185
000000000184,00184
000000000183,00183
000000000182,00182
000000000181,00181
000000000180,00180
000000000179,00179
000000000178,00178
000000000177,00177
000000000176,00176
000000000175,00175
000000000174,00174
000000000173,00173
000000000172,00172
000000000171,00171
000000000170,00170
000000000169,00169
000000000168,00168
000000000167,00167
000000000166,00166
000000000165,00165
000000000164,00164
000000000163,00163
000000000162,00162
000000000161,00161
000000000160,00160
000000000159,00159
000000000158,00158
000000000157,00157
000000000156,00156
000000000155,00155
000000000154,00154
000000000153,00153
000000000152,00152
000000000151,00151
000000000150,00150
000000000149,00149
000000000148,00148
000000000147,00147
000000000146,00146
000000000145,00145
000000000144,00144
000000000143,00143
000000000142,00142
000000000141,00141
000000000140,00140
000000000139,00139
000000000138,00138
000000000137,00137
000000000136,00136
000000000135,00135
000000000134,00134
000000000133,00133
000000000132,00132
000000000131,00131
000000000130,00130
000000000129,00129
000000000128,00128
000000000127,00127
000000000126,00126
000000000125,00125
000000000124,00124
000000000123,00123
000000000122,00122
000000000121,00121
000000000120,00120
000000000119,00119
000000000118,00118
000000000117,00117
000000000116,00116
000000000115,00115
000000000114,00114
000000000113,00113
000000000112,00112
000000000111,00111
000000000110,00110
000000000109,00109
000000000108,00108
000000000107,00107
000000000106,00106
000000000105,00105
000000000104,00104
000000000103,00103
000000000102,00102
000000000101,00101
000000000100,00100
000000000099,00099
000000000098,00098
000000000097,00097
000000000096,00096
000000000095,00095
000000000094,00094
000000000093,00093
000000000092,00092
000000000091,00091
000000000090,00090
000000000089,00089
000000000088,00088
000000000087,00087
000000000086,00086
000000000085,00085
000000000084,00084
000000000083,00083
000000000082,00082
000000000081,00081
000000000080,00080
000000000079,00079
000000000078,00078
000000000077,00077
000000000076,00076
000000000075,00075
000000000074,00074
000000000073,00073
000000000072,00072
000000000071,00071
000000000070,00070
000000000069,00069
000000000068,00068
000000000067,00067
000000000066,00066
000000000065,00065
000000000064,00064
000000000063,00063
000000000062,00062
000000000061,00061
000000000060,00060
000000000059,00059
000000000058,00058
000000000057,00057
000000000056,00056
000000000055,00055
000000000054,00054
000000000053,00053
000000000052,00052
000000000051,00051
000000000050,00050
000000000049,00049
000000000048,00048
000000000047,00047
000000000046,00046
000000000045,00045
000000000044,00044
000000000043,00043
000000000042,00042
000000000041,00041
000000000040,00040
000000000039,00039
000000000038,00038
000000000037,00037
000000000036,00036
000000000035,00035
000000000034,00034
000000000033,00033
000000000032,00032
000000000031,00031
000000000030,00030
000000000029,00029
000000000028,00028
000000000027,00027
000000000026,00026
000000000025,00025
000000000024,00024
000000000023,00023
000000000022,00022
000000000021,00021
000000000020,00020
000000000019,00019
000000000018,00018
000000000017,00017
000000000016,00016
000000000015,00015
000000000014,00014
000000000013,00013
000000000012,00012
000000000011,00011
000000000010,00010
000000000009,00009
000000000008,00008
000000000007,00007
000000000006,00006
000000000005,00005
000000000004,00004
000000000003,00003
000000000002,00002
000000000001,00001